SKU,Nombre del producto,Marca,Categoría,Subcategoría,Precio de lista,Más bajo,Más alto,Precio mercado,Best for Pets (Final),Best for Pets (Normal),Best for Pets (Tarjeta),SKU Best for Pets,Club De Perros Y Gatos (Final),Club De Perros Y Gatos (Normal),Club De Perros Y Gatos (Tarjeta),SKU Club De Perros Y Gatos,DrPet (Final),DrPet (Normal),DrPet (Tarjeta),SKU DrPet,Laika Chile (Final),Laika Chile (Normal),Laika Chile (Tarjeta),SKU Laika Chile,NovaPet (Final),NovaPet (Normal),NovaPet (Tarjeta),SKU NovaPet,Pawal (Final),Pawal (Normal),Pawal (Tarjeta),SKU Pawal,Pet City (Final),Pet City (Normal),Pet City (Tarjeta),SKU Pet City,Pet Happy (Final),Pet Happy (Normal),Pet Happy (Tarjeta),SKU Pet Happy,Pet&Go (Final),Pet&Go (Normal),Pet&Go (Tarjeta),SKU Pet&Go,Petco Chile (Final),Petco Chile (Normal),Petco Chile (Tarjeta),SKU Petco Chile,PuntoMascotas (Final),PuntoMascotas (Normal),PuntoMascotas (Tarjeta),SKU PuntoMascotas,PyK (Final),PyK (Normal),PyK (Tarjeta),SKU PyK,Superzoo (Final),Superzoo (Normal),Superzoo (Tarjeta),SKU Superzoo,TusMascotas (Final),TusMascotas (Normal),TusMascotas (Tarjeta),SKU TusMascotas
12449268,CAT CHOW Adt Delicias Sab Carne  1 kg,cat chow,gato,,"$ 6,190","$ 6,120","$ 6,120","$ 6,120",,,,,,,,,,,,,"$ 6,120","$ 6,800","$ 5,780",7613035951280,,,,,,,,,,,,,,,,,,,,,,,,,,,,,,,,,,,,,,,,
12449267,CAT CHOW Adt Delicias Sab Carne  3 kg,cat chow,gato,,"$ 15,990",$ 81,"$ 17,990","$ 12,120",,,,,,,,,,,,,"$ 15,210","$ 16,900","$ 14,365",7613035951181,,,,,$ 81,,,188-320,"$ 15,200","$ 15,990",,10003190,,,,,"$ 17,990",,,7351-11568,,,,,,,,,,,,,,,,,,,,
12442671,CAT CHOW ADULTOS Hogareños  1 kg,cat chow,gato,,"$ 6,190","$ 6,120","$ 6,120","$ 6,120",,,,,,,,,,,,,"$ 6,120","$ 6,800","$ 5,780",7613039343128,,,,,,,,,,,,,,,,,,,,,,,,,,,,,,,,,,,,,,,,
12442300,CAT CHOW ADULTOS Hogareños  3 kg,cat chow,gato,,"$ 15,990","$ 14,500","$ 17,990","$ 16,245","$ 14,500",,,alg-01-00049,,,,,,,,,,,,,,,,,,,,,,,,,,,,,"$ 17,990",,,7350-11567,,,,,,,,,,,,,,,,,,,,
12442655,CAT CHOW ADULTOS Hogareños  8 kg,cat chow,gato,seco,"$ 29,490","$ 26,550","$ 35,990","$ 30,110","$ 27,930","$ 39,900",,alg-01-00050,,,,,,,,,"$ 29,520","$ 32,800","$ 27,880",7613034872982,"$ 28,800","$ 32,000",,sa-12442655-ne,,,,,"$ 26,550","$ 29,490",,10003329,,,,,"$ 34,990",,,7350-11570,,,,,"$ 26,990",,,30053,,,,,"$ 35,990",,,1292,,,,
12449306,CAT CHOW Adultos Pescado  1 kg,cat chow,gato,,"$ 6,190","$ 5,940","$ 5,940","$ 5,940",,,,,,,,,,,,,"$ 5,940","$ 6,600","$ 5,610",7613035951464,,,,,,,,,,,,,,,,,,,,,,,,,,,,,,,,,,,,,,,,
12449320,CAT CHOW Adultos Pescado  3 kg,cat chow,gato,,"$ 15,990",$ 81,"$ 17,990","$ 11,920",,,,,,,,,,,,,"$ 15,210","$ 16,900","$ 14,365",7613035951495,,,,,$ 81,$ 90,,189-322,"$ 14,400","$ 15,990",,10003152,,,,,"$ 17,990",,,7349-11566,,,,,,,,,,,,,,,,,,,,
12449292,CAT CHOW Adultos Pescado  8 kg,cat chow,gato,seco,"$ 29,490","$ 25,070","$ 35,990","$ 29,771","$ 27,930","$ 39,900",,alg-01-00043,,,,,,,,,"$ 29,700","$ 33,000","$ 28,050",7613035951488,"$ 27,900","$ 31,000",,sa-12449292-ne,"$ 29,601","$ 32,890",,189-321,"$ 25,070","$ 29,490",,10003176,,,,,"$ 34,990",,,7349-11569,,,,,"$ 26,990",,,30050,,,,,"$ 35,990",,,1291,,,,
12449109,CAT CHOW DELIMIX  1kg,cat chow,gato,,"$ 6,190","$ 5,490","$ 6,600","$ 6,045",,,,,,,,,,,,,"$ 6,600",,,7613035951402,"$ 5,490","$ 6,100",,sa-12329405-ne,,,,,,,,,,,,,,,,,,,,,,,,,,,,,,,,,,,,
12449264,CAT CHOW DELIMIX  3kg,cat chow,gato,,"$ 15,990","$ 11,610","$ 17,990","$ 15,003","$ 11,610",,,alg-01-00028,,,,,,,,,"$ 15,210","$ 16,900","$ 14,365",7613035951310,,,,,,,,,"$ 15,200","$ 15,990",,10003244,,,,,"$ 17,990",,,7348-11564,,,,,,,,,,,,,,,,,,,,
12449123,CAT CHOW Esterilizado DefensePlus  1 kg,cat chow,gato,,"$ 6,190","$ 6,120","$ 6,120","$ 6,120",,,,,,,,,,,,,"$ 6,120","$ 6,800","$ 5,780",7613036572187,,,,,,,,,,,,,,,,,,,,,,,,,,,,,,,,,,,,,,,,
12449113,CAT CHOW Esterilizado DefensePlus  3 kg,cat chow,gato,,"$ 15,990","$ 15,210","$ 18,990","$ 16,485",,,,,,,,,,,,,"$ 15,210","$ 16,900","$ 14,365",7613036572156,"$ 15,750","$ 17,500",,sa-12449113-ne,,,,,"$ 15,990",,,10063941,,,,,"$ 18,990",,,7355-11575,,,,,,,,,,,,,,,,,,,,
12442303,CAT CHOW Esterilizado DefensePlus  8 kg,cat chow,gato,seco,"$ 29,490","$ 26,320","$ 34,990","$ 28,550","$ 26,320",,,alg-01-00051,,,,,,,,,,,,,"$ 27,900","$ 31,000",,sa-12442303-ne,,,,,"$ 26,550","$ 29,490",,10071052,,,,,"$ 34,990",,,7355-11577,,,,,"$ 26,990",,,37993,,,,,,,,,,,,
12449310,CAT CHOW Gatitos  3 kg,cat chow,gato,,"$ 16,990",$ 81,"$ 19,990","$ 13,105",,,,,,,,,,,,,"$ 16,200","$ 18,000","$ 15,300",7613036672887,,,,,$ 81,$ 90,,190-324,"$ 16,150","$ 16,990",,10058800,,,,,"$ 19,990",,,7354-11574,,,,,,,,,,,,,,,,,,,,
12500993,DOG CHOW Adt M/G Car&Pll SinCol   8kg,dog chow,perro,seco,"$ 24,990","$ 19,900","$ 26,990","$ 23,070","$ 22,000",,,alp-01-12771,,,,,,,,,"$ 24,660","$ 27,400","$ 23,290",7613287909749,"$ 22,950","$ 25,500",,sa-12329378-ne,,,,,"$ 22,000","$ 24,990",,10002780,,,,,"$ 26,990",,,7340-11552,,,,,"$ 22,990",,,30043,,,,,"$ 19,900",,,3733,,,,
12381386,DOG CHOW Adt M/G Car&Pll SinCol  18kg,dog chow,perro,seco,"$ 48,790","$ 40,990","$ 53,990","$ 44,702","$ 43,120",,,alp-01-10132,,,,,,,,,"$ 48,600","$ 54,000","$ 45,900",7613036672917,"$ 40,990",,,sa-12381386-ne,,,,,"$ 41,480","$ 48,790",,10064580,,,,,"$ 42,741",,,7340-11553,,,,,"$ 41,990",,,37699,,,,,"$ 53,990",,,4475,,,,
12500997,DOG CHOW AdtMnPqn Car&Pll SinCol  8 kg,dog chow,perro,seco,"$ 28,490","$ 24,220","$ 34,990","$ 27,714",,,,,,,,,,,,,"$ 28,170","$ 31,300","$ 26,605",7613287909879,"$ 25,200","$ 28,000",,sa-12329386-ne,,,,,"$ 24,220","$ 28,490",,10002827,,,,,,,,,,,,,"$ 25,990",,,30059,,,,,"$ 34,990",,,1232,,,,
12471502,DOG CHOW Adulto 7+ Longevidad  15kg,dog chow,perro,,"$ 38,490","$ 27,810","$ 30,990","$ 29,830","$ 27,810",,,alp-01-00012,,,,,,,,,"$ 30,690",,,7613035797024,"$ 30,990",,,sa-12329377-ne,,,,,,,,,,,,,,,,,,,,,,,,,,,,,,,,,,,,
12471499,DOG CHOW Adulto 7+ Longevidad  18kg,dog chow,perro,seco,"$ 48,790","$ 21,000","$ 48,150","$ 39,533","$ 43,120",,,alp-01-12773,,,,,,,,,"$ 48,150","$ 53,500","$ 45,475",7613287327482,"$ 45,000","$ 50,000",,sa-12471499-ne,,,,,"$ 41,480","$ 48,790",,10061169,,,,,"$ 35,991",,,7346-11561,,,,,"$ 41,990",,,30047,,,,,"$ 21,000",,,1233,,,,
12471500,DOG CHOW Adulto 7+ Longevidad  3kg,dog chow,perro,,"$ 11,890","$ 9,500","$ 12,060","$ 10,780","$ 9,500",,,alp-01-00011,,,,,,,,,"$ 12,060",,,7613287327413,,,,,,,,,,,,,,,,,,,,,,,,,,,,,,,,,,,,,,,,
12471501,DOG CHOW Adulto 7+ Longevidad  8kg,dog chow,perro,seco,"$ 24,990","$ 21,250","$ 26,991","$ 23,564","$ 22,000",,,alp-01-12772,,,,,,,,,"$ 25,650","$ 28,500","$ 24,225",7613287327444,"$ 22,500","$ 25,000",,sa-12471501-ne,,,,,"$ 21,250","$ 24,990",,10002971,,,,,"$ 26,991",,,7346-11560,,,,,"$ 22,990",,,30046,,,,,,,,,,,,
12460993,DOG CHOW Adulto Medianos y Grandes Pll&Pav 3kg,dog chow,perro,,"$ 11,890","$ 22,000","$ 22,000","$ 22,000","$ 22,000",,,alp-01-12770,,,,,,,,,,,,,,,,,,,,,,,,,,,,,,,,,,,,,,,,,,,,,,,,,,,,
12461010,DOG CHOW Adulto Minis y Pequeños Pll&Pav  3 kg,dog chow,perro,,"$ 12,990","$ 11,600","$ 11,600","$ 11,600","$ 11,600",,,alp-01-09848,,,,,,,,,,,,,,,,,,,,,,,,,,,,,,,,,,,,,,,,,,,,,,,,,,,,
12461001,DOG CHOW Adulto Minis y Pequeños Pll&Pav  8 kg,dog chow,perro,seco,"$ 28,490","$ 25,200","$ 34,990","$ 28,812","$ 25,200",,,alp-01-12768,,,,,,,,,"$ 28,980","$ 32,200","$ 27,370",7613036973533,"$ 27,900","$ 31,000",,sa-12461001-ne,,,,,,,,,,,,,"$ 26,990",,,7339-11551,,,,,,,,,,,,,"$ 34,990",,,4471,,,,
12461139,"DOG CHOW Cachorro Minis y Pequeños  1,5kg",dog chow,perro,,"$ 8,990","$ 7,600","$ 7,600","$ 7,600",,,,,,,,,,,,,"$ 7,600",,,7613035950863,,,,,,,,,,,,,,,,,,,,,,,,,,,,,,,,,,,,,,,,
12471514,DOG CHOW Cachrorro Raza Mediana y Grande 18kg,dog chow,perro,seco,"$ 53,490","$ 44,990","$ 58,990","$ 49,373",,,,,,,,,,,,,"$ 53,100","$ 59,000","$ 50,150",7613287327390,"$ 47,700","$ 53,000",,sa-12471514-ne,,,,,"$ 45,470","$ 53,490",,10064788,,,,,"$ 44,990",,,7342-11556,,,,,"$ 45,990",,,37700,,,,,"$ 58,990",,,4468,,,,
12460618,DOG CHOW Cachrorro Raza Mediana y Grande 3kg,dog chow,perro,,"$ 12,990","$ 12,420","$ 12,420","$ 12,420",,,,,,,,,,,,,"$ 12,420","$ 13,800","$ 11,730",7613035950924,,,,,,,,,,,,,,,,,,,,,,,,,,,,,,,,,,,,,,,,
12471512,DOG CHOW Control de Peso  15kg,dog chow,perro,,"$ 38,490","$ 27,645","$ 27,645","$ 27,645",,,,,,,,,,,,,"$ 27,645",,,7613036972666,,,,,,,,,,,,,,,,,,,,,,,,,,,,,,,,,,,,,,,,
12471510,DOG CHOW Control de Peso  3kg,dog chow,perro,,"$ 11,890","$ 10,190","$ 12,060","$ 11,125",,,,,,,,,,,,,"$ 12,060","$ 13,400","$ 11,390",7613287327505,,,,,,,,,"$ 10,190",,,7792930078688,,,,,,,,,,,,,,,,,,,,,,,,,,,,
12471511,DOG CHOW Control de Peso  8kg,dog chow,perro,seco,"$ 24,990","$ 21,150","$ 30,990","$ 24,706","$ 24,750",,,alp-01-12774,,,,,,,,,"$ 26,820","$ 29,800","$ 25,330",7613287327536,"$ 21,150",,,sa-12329383-ne,,,,,"$ 21,250","$ 24,990",,10002933,,,,,"$ 24,990",,,7347-11562,,,,,"$ 22,990",,,30045,,,,,"$ 30,990",,,1234,,,,
12434293,DOG CHOW Galletas PolloMedGde   500gr,dog chow,perro,,"$ 4,690","$ 4,190","$ 5,590","$ 4,932",,,,,,,,,,,,,"$ 4,700",,,7891000042052,"$ 5,590",,,sn-12434293-ne,"$ 4,190",,,228-364,"$ 4,690",,,10003114,,,,,"$ 5,490",,,7343-11557,,,,,,,,,,,,,,,,,,,,
12479465,Dog Chow Galletas Sabor Pollo- CACH Todos Los Tamaños  2 kg,dog chow,perro,,"$ 17,490","$ 17,490","$ 17,490","$ 17,490",,,,,,,,,,,,,,,,,,,,,,,,,"$ 17,490",,,10085592,,,,,,,,,,,,,,,,,,,,,,,,,,,,
12434258,DOGCHOW GalletasPolloMiniPeq   500gr,dog chow,perro,,"$ 4,690","$ 4,230","$ 5,490","$ 4,725",,,,,,,,,,,,,"$ 4,230","$ 4,700","$ 3,995",7891000042151,,,,,"$ 4,490",,,229-365,"$ 4,690",,,10003121,,,,,"$ 5,490",,,7344-11558,,,,,,,,,,,,,,,,,,,,
12434287,DOGCHOWGalletasPllyLecCchrTdTm  300gr,dog chow,perro,,"$ 3,550","$ 2,691","$ 4,690","$ 3,420",,,,,,,,,,,,,"$ 2,880","$ 3,200","$ 2,720",7891000071700,,,,,"$ 2,691","$ 2,990",,230-366,"$ 4,690",,,10003084,,,,,,,,,,,,,,,,,,,,,,,,,,,,
12418654,DogChowSaudeOralAdltMinisPeq20X45gXI  45gr,dog chow,perro,,"$ 1,190","$ 1,590","$ 1,590","$ 1,590",,,,,,,,,,,,,,,,,,,,,"$ 1,590",,,251-387,,,,,,,,,,,,,,,,,,,,,,,,,,,,,,,,
12418618,DogChowXLifeSaudeOralAdltMedGde20X80gXI  80 gr,dog chow,perro,,"$ 1,190","$ 1,490","$ 1,490","$ 1,490",,,,,,,,,,,,,,,,,,,,,"$ 1,490",,,250-386,,,,,,,,,,,,,,,,,,,,,,,,,,,,,,,,
12311118,Doguitos Medallones de Carne (RP)  65gr,doguitos,perro,,"$ 1,520","$ 1,200","$ 1,700","$ 1,450","$ 1,700",,,alp-01-13839,,,,,,,,,,,,,"$ 1,500",,,sn-12311118-ne,,,,,"$ 1,520",,,10003039,,,,,,,,,,,,,"$ 1,490","$ 1,990",,32777,"$ 1,200",,,527,,,,,"$ 1,290","$ 1,990",,7891000098479
12375748,DOGUITOS Tira Asado 15x65g N1 XI  65gr,doguitos,perro,,"$ 1,520","$ 1,300","$ 1,700","$ 1,519","$ 1,700",,,alp-01-13837,,,,,,,,,"$ 1,530","$ 1,700","$ 1,445",7891000098240,"$ 1,500",,,sn-12375748-ne,"$ 1,590",,,231-367,"$ 1,520",,,10003060,,,,,,,,,,,,,"$ 1,490","$ 1,990",,32774,"$ 1,300",,,677,,,,,,,,
12484571,DOKO Adt Carne&Cereales 18kg N1 CL  18 kg,doko,perro,seco,"$ 33,290","$ 26,990","$ 32,990","$ 29,207",,,,,,,,,,,,,,,,,"$ 32,990",,,sa-12391163-ne,,,,,"$ 27,640","$ 33,290",,10058879,,,,,,,,,,,,,"$ 26,990",,,30061,,,,,,,,,,,,
12463654,DOKO Cchr Carne&Leche  18kg,doko,perro,seco,"$ 36,530","$ 29,990","$ 36,900","$ 33,010",,,,,,,,,,,,,"$ 34,830","$ 38,700","$ 32,895",7613287194152,"$ 36,900","$ 41,000",,sa-12463654-ne,,,,,"$ 30,320","$ 36,530",,10066904,,,,,,,,,,,,,"$ 29,990",,,30060,,,,,,,,,,,,
12434464,FELIX CLASSIC con Atún15x85gXI  85 gr,felix,gato,,$ 860,$ 621,"$ 1,190",$ 859,$ 621,,,alg-01-10118,,,,,,,,,$ 990,"$ 1,100",$ 935,7891000120774,$ 699,$ 785,,sn-12434464-ne,$ 792,$ 990,,199-336,$ 860,,,10084496,,,,,,,,,,,,,,,,,,,,,"$ 1,190",,,7240,,,,
12434456,FELIX CLASSIC con Carne15x85gXI  85 gr,felix,gato,,$ 860,$ 699,"$ 1,190",$ 874,$ 891,,,alg-01-10117,,,,,,,,,$ 810,$ 900,$ 765,7891000241066,$ 699,$ 785,,sn-12434456-ne,$ 792,$ 990,,196-333,$ 860,,,10079621,,,,,,,,,,,,,,,,,,,,,"$ 1,190",,,7239,,,,
12434380,FELIX CLASSIC con Pavo15x85gXI  85 gr,felix,gato,,$ 860,$ 500,$ 891,$ 759,$ 891,,,alg-01-10119,,,,,,,,,$ 810,$ 900,$ 765,7891000241196,$ 699,$ 785,,sn-12434380-ne,$ 792,$ 990,,201-338,$ 860,,,10079645,,,,,,,,,,,,,,,,,,,,,$ 500,,,7241,,,,
12434296,FELIX CLASSIC con Pescado Blanco15x85gXI  85 gr,felix,gato,,$ 860,$ 699,"$ 1,190",$ 912,$ 891,,,alg-01-10121,,,,,,,,,$ 990,"$ 1,100",$ 935,7891000241134,$ 699,$ 785,,sn-12434296-ne,$ 792,$ 990,,200-337,,,,,,,,,,,,,,,,,,,,,,,,,"$ 1,190",,,7243,,,,
12434373,FELIX CLASSIC con Pollo e Hígado15x85gXI  85 gr,felix,gato,,$ 860,$ 621,"$ 1,190",$ 859,$ 621,,,alg-01-10116,,,,,,,,,$ 990,"$ 1,100",$ 935,7891000241172,$ 699,$ 785,,sn-12434373-ne,$ 792,$ 990,,197-334,$ 860,,,10079669,,,,,,,,,,,,,,,,,,,,,"$ 1,190",,,7238,,,,
12434450,FELIX CLASSIC con Salmón15x85gXI  85 gr,felix,gato,,$ 860,$ 699,"$ 1,190",$ 840,$ 711,,,alg-01-10120,,,,,,,,,$ 810,$ 900,$ 765,7891000241080,$ 699,$ 785,,sn-12434450-ne,$ 792,$ 990,,198-335,,,,,,,,,,,,,,,,,,,,,,,,,"$ 1,190",,,7242,,,,
12434446,FELIX CLASSIC Gatitos con Carne15x85gXI  85 gr,felix,gato,,$ 860,$ 699,$ 891,$ 815,$ 891,,,alg-01-10113,,,,,,,,,$ 810,$ 900,$ 765,7891000240625,$ 699,$ 785,,sn-12434446-ne,,,,,$ 860,,,10079638,,,,,,,,,,,,,,,,,,,,,,,,,,,,
12434457,FELIX CLASSIC Gatitos con Pesc15x85gXI  85 gr,felix,gato,,$ 860,$ 699,$ 891,$ 816,$ 891,,,alg-01-10114,,,,,,,,,$ 810,$ 900,$ 765,7891000240588,$ 699,$ 785,,sn-12434457-ne,$ 792,$ 990,,205-342,,,,,,,,,,,,,,,,,,,,,,,,,$ 890,,,7247,,,,
12434307,FELIX CLASSIC Gatitos con Pollo15x85gXI  85 gr,felix,gato,,$ 860,$ 699,"$ 1,190",$ 894,$ 891,,,alg-01-10115,,,,,,,,,$ 900,,,7891000241110,$ 699,$ 785,,sn-12434307-ne,$ 792,$ 990,,206-343,,,,,,,,,,,,,,,,,,,,,,,,,"$ 1,190",,,7248,,,,
12448680,FELIX Fantastic Deli Atún  85 gr,felix,gato,,$ 860,$ 890,$ 890,$ 890,,,,,,,,,,,,,,,,,$ 890,,,sn-12448680-ne,,,,,,,,,,,,,,,,,,,,,,,,,,,,,,,,,,,,
12448665,FELIX Fantastic Tiritas Carne  85 gr,felix,gato,,$ 860,$ 890,$ 890,$ 890,,,,,,,,,,,,,,,,,$ 890,,,sn-12448665-ne,,,,,,,,,,,,,,,,,,,,,,,,,,,,,,,,,,,,
12448681,FELIX FantasticMix SalmónCarne  85 gr,felix,gato,,$ 860,$ 890,$ 890,$ 890,,,,,,,,,,,,,,,,,$ 890,,,sn-12448681-ne,,,,,,,,,,,,,,,,,,,,,,,,,,,,,,,,,,,,
12313892,FELIX TRAVESURAS Ocean Mix   60gr,felix,gato,,"$ 1,520","$ 1,440","$ 1,990","$ 1,610",,,,,,,,,,,,,"$ 1,440","$ 1,600","$ 1,360",7891000117590,"$ 1,600",,,sn-12313892-ne,"$ 1,521","$ 1,790",,249-385,"$ 1,520",,,10045886,,,,,,,,,,,,,"$ 1,590",,,37753,,,,,"$ 1,990",,,7385,,,,
12313891,FELIX TRAVESURAS Original Mix   60gr,felix,gato,,"$ 1,520","$ 1,350","$ 1,600","$ 1,480",,,,,,,,,,,,,"$ 1,350","$ 1,500","$ 1,275",7891000117576,"$ 1,600",,,sn-12313891-ne,"$ 1,432","$ 1,790",,248-384,"$ 1,520",,,10067383,,,,,,,,,,,,,"$ 1,590",,,37754,,,,,"$ 1,390",,,7384,,,,
12471418,Gatito Carne 6 Kg  6 kg,purina one,gato,seco,"$ 45,490","$ 37,990","$ 51,900","$ 42,896","$ 44,450",,,alg-01-12590,,,,,,,,,"$ 51,900",,,7613287333957,"$ 41,990",,,sa-12471418-ne,"$ 38,151","$ 42,390",,180-306,,,,,,,,,,,,,,,,,"$ 37,990",,,39635,,,,,,,,,,,,
12465849,ONE Adulto Med Grande Carne 12kg AR,purina one,perro,seco,"$ 49,990","$ 40,990","$ 50,850","$ 45,284","$ 50,850",,,alp-01-12588,,,,,,,,,"$ 46,800","$ 52,000","$ 44,200",7613287227232,"$ 44,990",,,sa-12465849-ne,"$ 42,790",,,175-296,,,,,,,,,,,,,,,,,"$ 40,990",,,39641,,,,,,,,,,,,
12465588,ONE Adulto Med Grande Carne 6kg AR,purina one,perro,,"$ 32,890","$ 26,950","$ 32,670","$ 29,528","$ 26,950",,,alp-01-09844,,,,,,,,,"$ 32,670","$ 36,300","$ 30,855",7613287225535,"$ 29,500",,,sa-12465588-ne,"$ 28,990",,,175-297,,,,,,,,,,,,,,,,,,,,,,,,,,,,,,,,
12465860,ONE Adulto Med Grande Cordero 12kg AR,purina one,perro,seco,"$ 51,990","$ 42,790","$ 50,850","$ 46,877","$ 50,850",,,alp-01-12589,,,,,,,,,,,,,"$ 46,990",,,sa-12465860-ne,"$ 42,790",,,176-298,,,,,,,,,,,,,,,,,,,,,,,,,,,,,,,,
12465850,ONE Adulto Med Grande Cordero 6kg AR,purina one,perro,,"$ 33,990","$ 26,990","$ 34,650","$ 30,905","$ 34,650",,,alp-01-09845,,,,,,,,,,,,,"$ 32,990",,,sa-12465850-ne,"$ 28,990",,,176-299,,,,,,,,,,,,,,,,,"$ 26,990",,,39642,,,,,,,,,,,,
12465838,ONE Adulto Med Grande Cordero 6x2kg AR,purina one,perro,,"$ 12,690","$ 9,990","$ 12,500","$ 11,245",,,,,,,,,,,,,,,,,"$ 12,500",,,sa-12465838-ne,,,,,,,,,,,,,,,,,,,,,"$ 9,990",,,39643,,,,,,,,,,,,
12465594,ONE Adulto Mini Peq Carne 6x2kg AR  2 Kg,purina one,perro,seco,"$ 12,690","$ 8,990","$ 12,060","$ 10,847",,,,,,,,,,,,,"$ 12,060","$ 13,400","$ 11,390",7613287225191,"$ 11,490",,,sa-12465594-ne,,,,,,,,,,,,,,,,,,,,,"$ 8,990",,,39644,,,,,,,,,,,,
12465597,ONE Adulto Mini Peq Cordero 6kg AR  6 Kg,purina one,perro,seco,"$ 33,990","$ 26,990","$ 34,650","$ 30,877","$ 34,650",,,alp-01-12587,,,,,,,,,,,,,"$ 30,990",,,sa-12465597-ne,,,,,,,,,,,,,,,,,,,,,"$ 26,990",,,39645,,,,,,,,,,,,
12465596,ONE Adulto Mini Peq Cordero 6x2kg AR  2 Kg,purina one,perro,,"$ 13,290","$ 9,990","$ 12,950","$ 11,813","$ 12,950",,,alp-01-12586,,,,,,,,,,,,,"$ 12,500",,,sa-12465596-ne,,,,,,,,,,,,,,,,,,,,,"$ 9,990",,,39646,,,,,,,,,,,,
12465589,ONE Cachorro 12kg AR  12 Kg,purina one,perro,seco,"$ 49,990","$ 40,990","$ 48,870","$ 44,138","$ 41,700","$ 69,500",,alp-01-12584,,,,,,,,,"$ 48,870","$ 54,300","$ 46,155",7613287225139,"$ 44,990",,,sa-12465589-ne,,,,,,,,,,,,,,,,,,,,,"$ 40,990",,,39647,,,,,,,,,,,,
12465593,ONE Cachorro 6kg AR  6 Kg,purina one,perro,,"$ 32,890","$ 26,990","$ 32,220","$ 29,185","$ 27,540","$ 45,900",,alp-01-12585,,,,,,,,,"$ 32,220","$ 35,800","$ 30,430",7613287225115,"$ 29,990",,,sa-12465593-ne,,,,,,,,,,,,,,,,,,,,,"$ 26,990",,,39648,,,,,,,,,,,,
12465613,ONE Cachorro 6x2kg AR  2 Kg,purina one,perro,,"$ 12,690","$ 9,990","$ 11,700","$ 11,063",,,,,,,,,,,,,"$ 11,700","$ 13,000","$ 11,050",7613287224897,"$ 11,500",,,sa-12465613-ne,,,,,,,,,,,,,,,,,,,,,"$ 9,990",,,39649,,,,,,,,,,,,
12466110,ONE Esterilizado Salmon 6kg AR  6 kg,purina one,perro,,"$ 45,490","$ 29,990","$ 43,380","$ 39,006","$ 41,520",,,alg-01-12593,,,,,,,,,"$ 43,380","$ 48,200","$ 40,970",7613287230522,"$ 41,990",,,sa-12466110-ne,"$ 38,151","$ 42,390",,179-304,,,,,,,,,,,,,,,,,"$ 29,990",,,39833,,,,,,,,,,,,
12466089,ONE Esterilizado Salmon 6x2kg AR  2 kg,purina one,perro,,"$ 18,290","$ 14,990","$ 17,990","$ 16,545",,,,,,,,,,,,,"$ 17,460","$ 19,400","$ 16,490",7613287230508,"$ 17,990",,,sa-12466089-ne,"$ 15,741","$ 17,490",,179-305,,,,,,,,,,,,,,,,,"$ 14,990",,,39634,,,,,,,,,,,,
12466092,ONE Gatito 6x2kg AR  2 kg,purina one,gato,seco,"$ 18,290","$ 15,741","$ 20,100","$ 17,277",,,,,,,,,,,,,"$ 20,100",,,7613287229991,"$ 15,990",,,sa-12466092-ne,"$ 15,741","$ 17,490",,180-307,,,,,,,,,,,,,,,,,,,,,,,,,,,,,,,,
12466084,ONE Gato Carne 6kg AR  6 kg,purina one,perro,,"$ 45,490","$ 38,151","$ 48,700","$ 43,340","$ 41,520",,,alg-01-12591,,,,,,,,,"$ 48,700",,,7613287230409,"$ 44,990",,,sa-12466084-ne,"$ 38,151","$ 42,390",,177-300,,,,,,,,,,,,,,,,,,,,,,,,,,,,,,,,
12466083,ONE Gato Carne 6x2kg AR  2 kg,purina one,perro,,"$ 18,290","$ 14,990","$ 18,090","$ 16,703",,,,,,,,,,,,,"$ 18,090","$ 20,100","$ 17,085",7613287230386,"$ 17,990",,,sa-12466083-ne,"$ 15,741","$ 17,490",,177-301,,,,,,,,,,,,,,,,,"$ 14,990",,,39636,,,,,,,,,,,,
12466087,ONE Gato Salmon 6kg AR  6 kg,purina one,gato,seco,"$ 45,490","$ 37,990","$ 46,710","$ 41,734","$ 46,710",,,alg-01-12592,,,,,,,,,"$ 43,830","$ 48,700","$ 41,395",7613287230461,"$ 41,990",,,sa-12466087-ne,"$ 38,151","$ 42,390",,178-302,,,,,,,,,,,,,,,,,"$ 37,990",,,39637,,,,,,,,,,,,
12466086,ONE Gato Salmon 6x2kg AR  2 kg,purina one,gato,seco,"$ 18,290","$ 14,990","$ 17,460","$ 16,295",,,,,,,,,,,,,"$ 17,460",,,7613287230447,"$ 16,990",,,sa-12466086-ne,"$ 15,741","$ 17,490",,178-303,,,,,,,,,,,,,,,,,"$ 14,990",,,39638,,,,,,,,,,,,
12468816,ONE Gatos Adt y Estlz Super Ntr  85 gr,purina one,gato,,"$ 1,250","$ 1,200","$ 2,000","$ 1,600","$ 2,000",,,alg-01-13941,,,,,,,,,,,,,"$ 1,200",,,sn-12468816-ne,,,,,,,,,,,,,,,,,,,,,,,,,,,,,,,,,,,,
12468803,ONE Gatos Adt y Estlz Superfoods  85 gr,purina one,gato,,"$ 1,250","$ 2,000","$ 2,000","$ 2,000","$ 2,000",,,alg-01-13942,,,,,,,,,,,,,,,,,,,,,,,,,,,,,,,,,,,,,,,,,,,,,,,,,,,,
12468817,ONE Gatos Adt y Gtts Multi Protein  85 gr,purina one,gato,,"$ 1,250","$ 1,200","$ 2,000","$ 1,600","$ 2,000",,,alg-01-13940,,,,,,,,,,,,,"$ 1,200",,,sn-12468817-ne,,,,,,,,,,,,,,,,,,,,,,,,,,,,,,,,,,,,
12333535,"TIDY CAT SCOOP LWT  2,72kg",tidy cats,gato,arenas,"$ 15,990","$ 12,990","$ 22,390","$ 15,084","$ 14,500",,,cug-01-08792,,,,,,,,,"$ 14,400","$ 16,000","$ 13,600",070230168436,"$ 14,990",,,ar-12333535-ne,"$ 14,301","$ 15,890",,195-332,,,,,"$ 14,990","$ 16,990",,12120007,"$ 15,990",,,3843-6135,,,,,"$ 12,990",,,36373,"$ 13,300",,,3373,"$ 22,390",,,2637,"$ 12,990",,,070230168436
12426941,"TIDY CATS 24/7 PERFORMANCE 9.07kg XI  9,07kg",tidy cats,gato,arenas,"$ 14,990","$ 11,990","$ 14,240","$ 13,450",,,,,,,,,,,,,,,,,"$ 13,990",,,ar-12426941-ne,"$ 13,581","$ 15,090",,193-329,,,,,"$ 14,240",,,12120006,,,,,,,,,"$ 11,990",,,30054,,,,,,,,,,,,
12426919,"TIDY CATS 24/7PERF Cnv 4x4,54kg XI  4,54kg",tidy cats,gato,arenas,"$ 8,490","$ 6,650","$ 14,580","$ 8,680",,,,,,,,,,,,,"$ 14,580","$ 16,200","$ 13,770",070230169617,"$ 7,990",,,ar-12426919-ne,"$ 7,191","$ 7,990",,193-330,,,,,"$ 6,650",,,12120008,,,,,,,,,"$ 6,990",,,30284,,,,,,,,,,,,
12426936,"TIDY CATS INSTANT ACTION Scp 3x6.35kg XI  6,35kg",tidy cats,gato,arenas,"$ 14,990","$ 8,990","$ 20,990","$ 13,255","$ 13,500",,,cug-01-00054,,,,,,,,,"$ 13,500","$ 15,000","$ 12,750",070230169648,"$ 13,990",,,ar-12426936-ne,"$ 12,861","$ 14,290",,194-331,"$ 12,000","$ 14,990",,10024324,"$ 13,690",,,12120016,"$ 14,990",,,3844-6136,,,,,"$ 11,990",,,30055,"$ 9,300",,,496,"$ 20,990",,,946,"$ 8,990",,,070230117168
12364417,Alimento húmedo para gato PRO PLAN® Dietas Veterinarias NF Advanced Care 156g,pro plan veterinary diets,gato,húmedo,"$ 3,300","$ 3,300","$ 3,990","$ 3,669","$ 3,655",,,alg-01-08305,"$ 3,990",,,1574803849995,"$ 3,300",,,rf2xdbtka44okkzrs,,,,,"$ 3,500",,,la-12364417-ne,,,,,,,,,,,,,,,,,,,,,,,,,"$ 3,900",,,2569,,,,,,,,
12481681,Alimento húmedo para perro PROPLAN® Dietas Veterinarias NF Enfermedad Renal 368g,pro plan veterinary diets,perro,húmedo,"$ 4,100","$ 3,490","$ 8,900","$ 4,611","$ 4,505",,,alp-01-08302,,,,,"$ 4,100",,,dlmyt4rdrt6up5obj,,,,,"$ 3,800",,,la-12379917-ne,,,,,,,,,,,,,"$ 3,490",,,3658-5849,"$ 8,900",,,122217,"$ 3,490",,,35998,,,,,,,,1560,"$ 3,990","$ 4,990",,038100138033
12367348,Alimento húmedo perro y gato PROPLAN® Dieta Veterinaria CN NutriciónCrítica 156g,pro plan veterinary diets,gato,húmedo,"$ 4,100","$ 3,040","$ 6,990","$ 4,351","$ 4,505",,,alg-01-08303,,,,,"$ 4,100",,,jh9dzae4d6kfnny68,"$ 3,040",,,38100147196,"$ 3,990",,,la-12367348-ne,,,,,,,,,,,,,"$ 3,990",,,3660-5851,,,,,"$ 3,690",,,35999,"$ 4,500",,,2570,"$ 6,990",,,2652,,,,
12473458,Alimento húmedo terapeutico para gato PRO PLAN® Dietas Veterinarias EN Gastroentérico 156g,pro plan veterinary diets,gato,húmedo,"$ 3,300","$ 3,300","$ 4,100","$ 3,658","$ 3,655",,,alg-01-08304,,,,,"$ 3,300",,,trqwqrhkh2f7nkfyz,,,,,"$ 3,500",,,la-12376490-ne,,,,,,,,,,,,,"$ 3,490",,,3665-5856,"$ 4,100",,"$ 4,100",600096,,,,,"$ 3,900",,,3127,,,,,,,,
12481683,Alimento húmedo terapeutico para perro PRO PLAN® Dietas Veterinarias EN Gastroentérico 368g,pro plan veterinary diets,perro,húmedo,"$ 4,100","$ 2,850","$ 4,580","$ 4,045","$ 4,505",,,alp-01-08301,,,,,,,,,"$ 2,850",,,38100159328,"$ 3,800",,,la-12408257-ne,,,,,,,,,,,,,"$ 4,490",,,3659-5850,"$ 4,580",,"$ 4,580",122210,,,,,,,,,,,,,,,,
12453104,alimento para perro pro plan active mind raza medianos y grandes en bolsa de 3kg,pro plan,gato,,"$ 29,990","$ 20,190","$ 31,290","$ 26,638","$ 26,775",,,alp-01-07784,"$ 31,290",,,1576680958436,,,,,"$ 27,540","$ 30,600","$ 26,010",7613287031990,"$ 24,990","$ 29,400",,sa-12453104-ne,"$ 27,790",,,135-230,,,,,"$ 29,990","$ 35,990",,28540250,"$ 25,990",,,3708-5934,"$ 28,980",,"$ 27,531",600036,"$ 24,990",,,30034,,,,,"$ 24,493","$ 34,990",,1854,"$ 20,190","$ 26,920",,7613287031990
12453289,alimento para perro pro plan sensitive skin razas medianas y grandes en bolsa de 3kg,pro plan,perro,,"$ 29,990","$ 23,990","$ 34,990","$ 27,818","$ 25,415",,,alp-01-00074,"$ 31,290",,,1610043615452,,,,,"$ 27,180","$ 30,200","$ 25,670",7613287033208,"$ 23,990",,,sa-12453289-ne,"$ 27,790",,,138-236,,,,,"$ 29,990","$ 32,990",,28540236,"$ 25,990",,,3714-5945,"$ 28,980",,"$ 27,531",600029,"$ 24,990",,,35299,,,,,"$ 34,990",,,188,"$ 25,390","$ 33,850",,7613287033208
12329397,Alimento seco para perro EXCELLENT® Adultos Razas Medianas y Grandes 15kg,excellent,perro,seco,"$ 59,990","$ 42,750","$ 66,990","$ 50,652","$ 45,430","$ 64,900",,alp-01-05235,"$ 56,990",,,66931473228696,,,,,"$ 57,285","$ 63,650","$ 54,103",7613035951525,"$ 51,500","$ 60,588",,sa-12329397-ne,"$ 48,090",,,166-282,"$ 42,750","$ 56,990",,10040751,,,,,"$ 49,990",,,3541-5666,,,,,"$ 42,990",,,33123,"$ 44,500",,,5867,"$ 66,990",,,923,,,,
12329396,Alimento seco para perro EXCELLENT® Cachorros Razas Medianas y Grandes 15kg,excellent,perro,seco,"$ 66,490","$ 38,815","$ 71,990","$ 50,791","$ 39,510",,,alp-01-05233,"$ 62,990",,,66931485351246,,,,,"$ 61,380","$ 68,200","$ 57,970",7613035951532,"$ 38,815",,,sa-12329396-ne,"$ 42,490",,,167-284,"$ 39,350",,,10040348-1,,,,,"$ 54,990",,,3609-5784,,,,,"$ 46,990",,,33125,"$ 49,400",,,5868,"$ 71,990",,,924,,,,
12453293,Alimento seco para perro PRO PLAN® Adulto +7 Raza Mediana y Grande 15kg,pro plan,perro,seco,"$ 94,990","$ 63,375","$ 96,990","$ 75,484","$ 63,375",,,alp-01-07785,"$ 89,990",,,1576680599183,"$ 82,990",,,g52dhsyxnavfz8mef,"$ 73,530","$ 81,700","$ 69,445",7613287032911,"$ 70,990","$ 83,518",,sa-12453293-ne,"$ 81,690",,,135-229,"$ 70,550","$ 82,990",,10003664,"$ 72,990","$ 79,990",,28540251,"$ 70,990",,,3708-5933,"$ 66,911","$ 68,980","$ 63,565",600013,"$ 74,990",,,35450,"$ 70,900",,,1928,"$ 96,990",,,1853,"$ 69,890","$ 93,190",,7613287032911
12453311,Alimento seco para perro PRO PLAN® Adulto Raza Grande 15kg,pro plan,perro,seco,"$ 86,990","$ 62,400","$ 89,990","$ 69,631","$ 67,915",,,alp-01-00071,"$ 89,990",,,1608316542481,"$ 77,990",,,kwysfqkmknqqodfd6,"$ 74,340","$ 82,600","$ 70,210",7613287031570,"$ 66,990","$ 78,812",,sa-12453311-ne,"$ 67,090",,,145-247,"$ 62,400","$ 77,990",,10003497,"$ 68,990","$ 78,990",,28540244,"$ 66,990",,,3561-5701,"$ 63,974","$ 78,980","$ 60,775",600006,"$ 67,990",,,30023,"$ 70,900",,,3218,"$ 64,990","$ 88,990",,187,"$ 64,290","$ 85,720",,7613287031570
12453312,Alimento seco para perro PRO PLAN® Adulto Rz Mediana/Grande Reduced Calorie 15kg,pro plan,perro,seco,"$ 89,990","$ 57,639","$ 92,990","$ 73,446","$ 61,875",,,alp-01-00073,"$ 92,990",,,1607629831466,"$ 79,990",,,amddr7gvnuhsar8w5,"$ 77,220","$ 85,800","$ 72,930",7613287033130,"$ 57,639",,,sa-12453312-ne,"$ 77,390",,,142-242,"$ 64,800","$ 80,990",,10003565,"$ 71,990","$ 78,990",,28540248,"$ 69,990",,,3711-5938,"$ 82,980",,"$ 78,831",600008,"$ 70,990",,,142,"$ 73,400",,,1797,"$ 80,000","$ 90,990",,191,"$ 66,990","$ 89,320",,7613287033130
12453316,Alimento seco para perro PRO PLAN® Adulto Rz Mediana/Grande Sensitive Skin 15kg,pro plan,perro,seco,"$ 91,990","$ 59,490","$ 93,990","$ 73,501","$ 72,165","$ 84,900",,alp-01-00075,"$ 93,990",,,1589912160052,"$ 66,900",,,swrfrcctepnws7bp7,"$ 79,110","$ 87,900","$ 74,715",7613287035011,"$ 69,990",,,sa-12453316-ne,"$ 71,390",,,138-235,"$ 66,400","$ 82,990",,10003503,"$ 72,990","$ 78,990",,28540237,"$ 70,990",,,3714-5943,"$ 74,803","$ 86,980","$ 71,063",600009,"$ 74,990",,,143,"$ 75,800",,,1796,"$ 80,000","$ 91,990",,189,"$ 59,490","$ 79,320",,7613287035011
12453294,Alimento seco para perro PRO PLAN® Cachorro Raza Grande 15kg,pro plan,perro,seco,"$ 89,990","$ 64,290","$ 83,990","$ 73,060","$ 73,015",,,alp-01-00064,"$ 83,990",,,1608813932599,"$ 79,990",,,3hndblpp9d5hdyvvj,"$ 71,730","$ 79,700","$ 67,745",7613287029034,"$ 66,990","$ 78,812",,sa-12453294-ne,"$ 69,690",,,150-258,"$ 64,800","$ 80,990",,10003626,"$ 69,990","$ 79,990",,28540261,"$ 69,990",,,3615-5792,"$ 82,980",,"$ 78,831",600002,"$ 70,990",,,30033,"$ 73,400",,,382,"$ 81,000","$ 89,990",,182,"$ 64,290","$ 85,720",,7613287029034
12483583,Alimento seco terapeutico para gato PRO PLAN® Dietas Veterinarias HA Hipoalergénico 3kg,pro plan veterinary diets,gato,seco,"$ 40,500","$ 33,500","$ 42,490","$ 37,693",,,,,"$ 42,490",,,1640788977451,,,,,,,,,"$ 33,500","$ 41,875",,sa-12483583-ne,,,,,,,,,,,,,"$ 38,790","$ 39,990",,3684-5893,,,,,"$ 35,990",,,39968,,,,,,,,,,,,
12469315,"Alimento seco terapeutico para perro PRO PLAN® Dietas Veterinarias HA Hipoalergénico 7,5 kg",pro plan veterinary diets,perro,seco,"$ 59,990","$ 33,360","$ 59,990","$ 48,498","$ 53,975","$ 63,500",,alp-01-13326,"$ 54,990",,,1638903815776,"$ 46,700",,,9wzb28kxmqdycnnz7,"$ 33,360",,,38100136671,"$ 49,990","$ 62,488",,sa-11058254-ne,,,,,,,,,,,,,"$ 59,990",,,3670-7266,,,,,"$ 47,990",,,39871,"$ 42,500",,,5668,"$ 46,990",,,6408,,,,
12482400,CAT CHOW Adultos Carne 85 gr,cat chow,gato,,"$ 1,020",$ 799,"$ 1,290","$ 1,008","$ 1,190",,,alg-01-10126,,,,,,,,,$ 810,$ 900,$ 765,7891000113066,$ 799,$ 986,,sn-12338916-ne,$ 952,"$ 1,190",,223-359,,,,,,,,,,,,,,,,,,,,,,,,,"$ 1,290",,,7251,,,,
12482394,CAT CHOW Adultos Pescado 85 gr,cat chow,gato,,"$ 1,020",$ 799,"$ 1,290","$ 1,035","$ 1,100",,,alg-01-10128,,,,,,,,,,,,,$ 799,$ 986,,sn-12338914-ne,$ 952,"$ 1,190",,225-361,,,,,,,,,,,,,,,,,,,,,,,,,"$ 1,290",,,7253,,,,
12482399,CAT CHOW Adultos Pollo  85 gr,cat chow,gato,,"$ 1,020",$ 799,"$ 1,290","$ 1,044","$ 1,190",,,alg-01-10127,,,,,,,,,$ 990,"$ 1,100",$ 935,7891000244074,$ 799,$ 986,,sn-12338915-ne,$ 952,"$ 1,190",,224-360,,,,,,,,,,,,,,,,,,,,,,,,,"$ 1,290",,,7252,,,,
12482395,CAT CHOW Esterilizados Carne 85 gr,cat chow,gato,,"$ 1,020",$ 739,"$ 1,290",$ 966,"$ 1,050",,,alg-01-10129,,,,,,,,,$ 739,,,7891000240205,$ 799,$ 986,,sn-12338913-ne,$ 952,"$ 1,190",,226-362,,,,,,,,,,,,,,,,,,,,,,,,,"$ 1,290",,,7254,,,,
12482401,CAT CHOW Esterilizados Pescado 85 gr,cat chow,gato,,"$ 1,020",$ 799,"$ 1,290",$ 965,,,,,,,,,,,,,$ 900,"$ 1,000",$ 850,7891000244036,$ 799,$ 986,,sn-12338912-ne,$ 872,"$ 1,090",,227-363,,,,,,,,,,,,,,,,,,,,,,,,,"$ 1,290",,,7255,,,,
12482410,CAT CHOW Gatitos Pollo 85 gr,cat chow,gato,,"$ 1,020",$ 739,"$ 1,290",$ 980,"$ 1,120",,,alg-01-10125,,,,,,,,,$ 739,,,7891000244012,$ 799,$ 986,,sn-12338768-ne,$ 952,"$ 1,190",,222-358,,,,,,,,,,,,,,,,,,,,,,,,,"$ 1,290",,,7250,,,,
12409089,DCHOWAdltMinisYPeqc/MixDePolYPa 100 gr,dog chow,gato,,$ 860,$ 720,$ 891,$ 798,$ 891,,,alp-01-11476,,,,,,,,,$ 720,$ 800,$ 680,7891000244159,$ 790,,,sn-12409089-ne,$ 792,$ 990,,214-350,,,,,,,,,,,,,,,,,,,,,,,,,,,,,,,,
12409090,DOG CHOW Adlt MinisYPeq c/Smn 100 gr,dog chow,perro,,$ 860,$ 720,$ 801,$ 770,$ 801,,,alp-01-11477,,,,,,,,,$ 720,$ 800,$ 680,7891000244722,$ 790,,,sn-12409090-ne,,,,,,,,,,,,,,,,,,,,,,,,,,,,,,,,,,,,
12409091,DOG CHOW AdltMinis YPeq c/Car  100 gr,dog chow,perro,,$ 860,$ 790,$ 810,$ 800,,,,,,,,,,,,,$ 810,$ 900,$ 765,7891000244135,$ 790,,,sn-12409091-ne,,,,,,,,,,,,,,,,,,,,,,,,,,,,,,,,,,,,
12500998,DOG CHOW AdtMnPqn Car&Pll SinCol  3 kg,dog chow,perro,,"$ 12,990","$ 10,350","$ 11,600","$ 10,975","$ 11,600",,,alp-01-00019,,,,,,,,,"$ 10,350",,,7613035951662,,,,,,,,,,,,,,,,,,,,,,,,,,,,,,,,,,,,,,,,
12409080,DOGCHOW Adlt TdTm 100 gr,dog chow,perro,,$ 860,$ 500,$ 810,$ 655,,,,,,,,,,,,,$ 810,$ 900,$ 765,7891000115657,$ 500,,,sn-12324189-ne,,,,,,,,,,,,,,,,,,,,,,,,,,,,,,,,,,,,
12409085,DOGCHOW Adlt TdTm c/ Carne 100 gr,dog chow,perro,,$ 860,$ 790,"$ 1,190",$ 990,,,,,,,,,,,,,$ 990,"$ 1,100",$ 935,7891000115633,$ 790,,,sn-12409085-ne,,,,,,,,,,,,,,,,,,,,,,,,,,,,,"$ 1,190",,,7265,,,,
12409082,DOGCHOW Adlt TdTm c/ Cord 100 gr,dog chow,perro,,$ 860,$ 632,"$ 1,190",$ 845,$ 891,,,alp-01-11475,,,,,,,,,$ 720,$ 800,$ 680,7891000115671,$ 790,,,sn-12409082-ne,$ 632,$ 790,,207-344,,,,,,,,,,,,,,,,,,,,,,,,,"$ 1,190",,,7269,,,,
12409086,DOGCHOW Adlt TdTm c/ Pavo 100 gr,dog chow,perro,,$ 860,$ 720,$ 990,$ 823,$ 990,,,alp-01-10136,,,,,,,,,$ 720,$ 800,$ 680,7891000115619,$ 790,,,sn-12409086-ne,$ 792,$ 990,,211-347,,,,,,,,,,,,,,,,,,,,,,,,,,,,,,,,
12409084,DOGCHOW CachorroTdTm c/ Car 100 gr,dog chow,perro,,$ 860,$ 621,$ 792,$ 734,$ 621,,,alp-01-10141,,,,,,,,,,,,,$ 790,,,sn-12409084-ne,$ 792,$ 990,,213-349,,,,,,,,,,,,,,,,,,,,,,,,,,,,,,,,
12409081,DOGCHOW CachorroTdTm c/ Pollo 100 gr,dog chow,perro,,$ 860,$ 801,"$ 1,190",$ 994,$ 801,,,alp-01-10135,,,,,,,,,$ 990,"$ 1,100",$ 935,7891000115695,,,,,,,,,,,,,,,,,,,,,,,,,,,,,,,,,"$ 1,190",,,7266,,,,
12381389,EXCELLENT Adt Dog Formula 15kgCL 15kg,excellent,perro,seco,"$ 49,990","$ 30,990","$ 54,990","$ 39,973","$ 37,730","$ 53,900",,alp-01-09391,"$ 46,990",,,66931467065155,,,,,"$ 51,700",,,7613036672979,"$ 33,900","$ 39,882",,sa-12381389-ne,"$ 30,990",,,169-287,"$ 35,250","$ 46,990",,10059715,,,,,"$ 39,990",,,3540-5665,,,,,"$ 33,990",,,36949,"$ 34,200",,,5871,"$ 54,990",,,4045,,,,
12452607,EXCELLENT Adt Dog Smn Skin Care 15kg,excellent,perro,seco,"$ 66,490","$ 42,490","$ 71,990","$ 52,386","$ 45,900",,,alp-01-11535,"$ 62,990",,,66931492658990,,,,,"$ 61,380","$ 68,200","$ 57,970",7613287016904,"$ 43,676",,,sa-12452607-ne,"$ 42,490",,,168-286,"$ 47,250","$ 62,990",,10068748,,,,,"$ 52,990",,,6678-10382,,,,,"$ 46,990",,,38374,"$ 48,200",,,8125,"$ 71,990",,,7481,,,,
12526301,fancy feast goulash tuna 15x85g n1 xi,fancy feast,gato,,"$ 1,250",$ 810,$ 810,$ 810,$ 810,,,alg-01-14385,,,,,,,,,,,,,,,,,,,,,,,,,,,,,,,,,,,,,,,,,,,,,,,,,,,,
12514101,FANCY FEAST Kiss c/ Salmon At 30x40gLAT 40 gr,fancy feast,gato,snack,"$ 2,990","$ 1,710","$ 3,290","$ 2,530","$ 2,000",,,alg-01-13874,"$ 2,990",,,66439198981613,"$ 3,290",,,p7f5mdshzkphsmbru,"$ 1,710","$ 1,900","$ 1,615",8445290179630,"$ 2,500","$ 2,941",,sn-12514101-ne,,,,,,,,,,,,,,,,,,,,,"$ 2,690",,,40186,,,,,,,,,,,,
12514098,FANCY FEAST Kiss con Atun 30x40g LAT 40 gr,fancy feast,gato,snack,"$ 2,990","$ 1,710","$ 3,290","$ 2,647","$ 2,700",,,alg-01-13875,"$ 2,990",,,66439191710051,"$ 3,290",,,qjpeuctrbozc5lfm6,"$ 1,710","$ 1,900","$ 1,615",8445290179678,"$ 2,500","$ 2,941",,sn-12514098-ne,,,,,,,,,,,,,,,,,,,,,"$ 2,690",,,40187,,,,,,,,,,,,
12514099,FANCY FEAST Kiss con Pollo 30x40g LAT 40 gr,fancy feast,gato,snack,"$ 2,990","$ 2,250","$ 3,290","$ 2,744","$ 2,250",,,alg-01-13873,"$ 2,990",,,66439195202691,"$ 3,290",,,zuhhlaudjzsx5shpv,,,,,"$ 2,500","$ 2,941",,sn-12514099-ne,,,,,,,,,,,,,,,,,,,,,"$ 2,690",,,40185,,,,,,,,,,,,
12435252,FANCY FEAST Mousse Carne 8x85g US 85 gr,fancy feast,gato,,"$ 1,350",$ 792,"$ 7,830","$ 1,875","$ 7,830",,,alg-01-11150,"$ 1,390",,,1583173201384,,,,,"$ 1,260","$ 1,400","$ 1,190",050000429547,"$ 1,100",,,la-12435252-ne,$ 792,$ 990,,238-374,"$ 1,350",,,10066096,,,,6834812,"$ 1,290",,,4947-7886,$ 950,,,600065,,,,,,,,,,,,,$ 910,"$ 1,210",,050000429547
12435243,FANCY FEAST Mousse Pez Camaron 8x85g Us 85 gr,fancy feast,gato,,"$ 1,350",$ 872,"$ 7,830","$ 2,405","$ 7,830",,,alg-01-11152,"$ 1,390",,,1583173162279,,,,,"$ 1,260","$ 1,400","$ 1,190",050000428946,,,,,$ 872,"$ 1,090",,237-373,,,,,,,,6834861,"$ 1,290",,,4946-7885,,,,,,,,,,,,,"$ 1,790",,,6151,,,,
12435253,FANCY FEAST Petits Filets Atun 8x85g US 85 gr,fancy feast,gato,,"$ 1,350",$ 792,"$ 7,830","$ 3,324","$ 7,830",,,alg-01-11155,,,,,,,,,,,,,,,,,$ 792,$ 990,,235-371,"$ 1,350",,,10066355,,,,6834916,,,,,,,,,,,,,,,,,,,,,,,,
12435241,FANCY FEAST Petits Filets Salmon 8x85gUS 85 gr,fancy feast,gato,,"$ 1,350",$ 872,"$ 7,830","$ 2,707","$ 7,830",,,alg-01-11148,"$ 1,390",,,1583173120706,"$ 1,500",,,y5vs6ryhhqf2nyqk2,"$ 1,350","$ 1,500","$ 1,275",050000503896,,,,,$ 872,"$ 1,090",,236-372,"$ 1,350",,,10003381,,,,6834513,"$ 1,290",,,4948-7887,,,,,"$ 6,990","$ 13,980",,38252,,,,,"$ 1,790",,,6155,,,,
12435251,FANCY FEAST Tartare Atun 8x85g US 85 gr,fancy feast,gato,,"$ 1,350",$ 872,"$ 7,830","$ 2,570","$ 7,830",,,alg-01-11153,"$ 1,390",,,1583173348500,"$ 1,500",,,2zbm9ffujoptsouj7,"$ 1,260","$ 1,400","$ 1,190",050000001248,,,,,$ 872,"$ 1,090",,242-378,,,,,,,,6834881,,,,,,,,,,,,,,,,,,,,,,,,
12435227,FANCY FEAST Tartare Trucha 8x85g US 85 gr,fancy feast,gato,,"$ 1,350",$ 872,"$ 7,830","$ 2,510","$ 7,830",,,alg-01-11151,,,,,"$ 1,500",,,occby2p8sqenocato,,,,,,,,,$ 872,"$ 1,090",,241-377,"$ 1,060",,,12204893,,,,,"$ 1,290",,,4945-7884,,,,,,,,,,,,,,,,,,,,
12435228,FANCY FEAST Terrine Pavo 8x85g US 85 gr,fancy feast,gato,,"$ 1,350",$ 872,"$ 7,830","$ 3,331","$ 7,830",,,alg-01-11149,,,,,,,,,,,,,,,,,$ 872,"$ 1,090",,240-376,,,,,,,,6834737,"$ 1,290",,,4943-7882,,,,,,,,,,,,,,,,,,,,
12435229,FANCY FEAST Terrine Pollo 8x85g US 85 gr,fancy feast,gato,,"$ 1,350",$ 792,"$ 7,830","$ 1,839","$ 7,830",,,alg-01-11346,"$ 1,390",,,1583173241737,"$ 1,500",,,wgfra6aehaxqccycx,"$ 1,260","$ 1,400","$ 1,190",050000426942,"$ 1,100",,,la-12435229-ne,$ 792,$ 990,,239-375,"$ 1,350",,,10003374,,,,6834906,"$ 1,290",,,4944-7883,$ 950,,$ 902,600071,,,,,,,,,"$ 1,790",,,6175,$ 980,"$ 1,310",,050000426942
12468794,ONE Perros Adt  y Cchr Multi Protein 100 gr,purina one,perro,,"$ 1,250","$ 1,200","$ 2,030","$ 1,615","$ 2,030","$ 2,900",,alp-01-13943,,,,,,,,,,,,,"$ 1,200",,,sn-12468794-ne,,,,,,,,,,,,,,,,,,,,,,,,,,,,,,,,,,,,
12468818,ONE Perros Adt Y Cchr Super Nutr 100 gr,purina one,perro,,"$ 1,250","$ 1,200","$ 2,000","$ 1,600","$ 2,000",,,alp-01-13944,,,,,,,,,,,,,"$ 1,200",,,sn-12468818-ne,,,,,,,,,,,,,,,,,,,,,,,,,,,,,,,,,,,,
12468787,ONE Perros Adt Y Cchr Superfoods 100 gr,purina one,perro,,"$ 1,250","$ 1,200","$ 2,030","$ 1,615","$ 2,030","$ 2,900",,alp-01-13945,,,,,,,,,,,,,"$ 1,200",,,sn-12468787-ne,,,,,,,,,,,,,,,,,,,,,,,,,,,,,,,,,,,,
12453123,PRO PLAN ACTIVE MIND Optiage Raza Pequeña 3kg,pro plan,perro,seco,"$ 29,990","$ 20,590","$ 34,990","$ 26,940","$ 26,775",,,alp-01-07786,"$ 31,290",,,1610657419976,"$ 20,590",,,jzwrqtwkfkyr4vaee,"$ 30,200",,,7613287031969,"$ 24,990","$ 29,400",,sa-12453123-ne,"$ 27,790",,,148-254,"$ 24,000","$ 29,990",,10003688,"$ 25,990","$ 32,990",,28540252,"$ 25,990",,,3709-5935,"$ 28,980",,"$ 27,531",600035,"$ 24,990",,,35478,"$ 24,600",,,2022,"$ 34,990",,,1855,"$ 25,990","$ 34,650",,7613287031969
12453305,"PRO PLAN ACTIVE MIND Optiage Raza Pequeña 7,5kg",pro plan,perro,seco,"$ 64,490","$ 47,300","$ 66,990","$ 53,816","$ 58,565",,,alp-01-07787,"$ 66,990",,,1611331694241,,,,,"$ 57,150","$ 63,500","$ 53,975",7613287031983,"$ 49,990","$ 58,812",,sa-12453305-ne,"$ 55,490",,,148-253,"$ 51,600","$ 64,490",,10054420,"$ 47,990","$ 55,990",,28540241,"$ 54,990",,,3709-5937,"$ 49,863","$ 57,980","$ 47,370",600016,"$ 49,990",,,36206,"$ 47,300",,,7348,"$ 58,000","$ 67,990",,2194,"$ 51,690","$ 68,920",,7613287031983
12458622,"PRO PLAN ADULT Cat LIVE CLEAR 1,0 kg",pro plan,gato,,"$ 16,300","$ 13,510","$ 15,990","$ 14,305","$ 15,215",,,alg-01-00083,,,,,,,,,,,,,"$ 13,990",,,sa-12458622-ne,"$ 13,581","$ 15,090",,152-265,"$ 13,860","$ 16,300",,10078211,,,,,"$ 15,990",,,8114-13385,,,,,"$ 13,990",,,39053,,,,,,,,,"$ 13,510","$ 18,010",,7613287119605
12458608,"PRO PLAN ADULT Cat LIVE CLEAR 3,0kg",pro plan,gato,seco,"$ 41,200","$ 27,990","$ 40,980","$ 35,461","$ 33,575","$ 39,500",,alg-01-00084,"$ 27,990","$ 42,990",,1630426732128,"$ 38,990",,,vktkysknckjcwnrab,,,,,"$ 34,990","$ 41,165",,sa-12458608-ne,"$ 32,571","$ 36,190",,152-264,,,,,,,,,"$ 36,850","$ 37,990",,8114-12897,"$ 40,980",,"$ 38,931",600052,"$ 34,990",,,39052,"$ 37,500",,,7410,"$ 38,062",,,10522,"$ 33,570","$ 44,760",,7613287119629
12480086,PRO PLAN ADULT CAT POLLO Y ARROZ  24X85gr,pro plan,gato,húmedo,"$ 1,850",$ 590,"$ 2,690","$ 1,729","$ 1,870",,,alg-01-08298,"$ 1,990",,,1568060556217,"$ 1,600",,,jfsanew4qftmdrcfo,"$ 1,800","$ 2,000","$ 1,700",038100170231,"$ 1,690",,,la-12262908-ne,"$ 1,701","$ 1,890",,159-275,"$ 1,850",,,10052518,$ 590,,,34311115,"$ 1,690",,,3646-5837,"$ 2,200",,"$ 2,090",121272,"$ 1,480",,,35994,,,,,"$ 2,690",,,2535,"$ 1,330","$ 1,770",,038100170231
12340774,PRO PLAN ADULT CAT Sterilized Pollo 85 gr,pro plan,gato,húmedo,"$ 1,950","$ 1,000","$ 2,200","$ 1,676","$ 2,040",,,alg-01-09021,"$ 1,990",,,1553104912733,"$ 2,200",,,msre4ceygbnuvt2ff,"$ 1,620","$ 1,800","$ 1,530",7891000246344,"$ 1,133","$ 1,288",,sn-12340774-ne,"$ 1,701","$ 1,890",,163-279,,,,,,,,,"$ 1,990",,,3649-5840,,,,,,,,,"$ 1,700",,,3889,"$ 1,000",,,3379,"$ 1,390","$ 1,850",,7891000246344
12340775,PRO PLAN ADULT CAT Wet Pollo 85 gr,pro plan,gato,,"$ 1,850","$ 1,133","$ 2,690","$ 1,785","$ 2,040",,,alg-01-09019,"$ 1,990",,,1553104813405,,,,,"$ 1,350","$ 1,500","$ 1,275",7891000246443,"$ 1,133","$ 1,288",,sn-12340775-ne,,,,,,,,,,,,,,,,,"$ 2,200",,"$ 2,090",600059,"$ 1,490",,,36615,,,,,"$ 2,690",,,3373,"$ 1,390","$ 1,850",,7891000246443
12340773,PRO PLAN ADULT CAT Wet Salmón 85 gr,pro plan,gato,húmedo,"$ 1,850","$ 1,133","$ 2,690","$ 1,872","$ 2,040",,,alg-01-09020,"$ 1,990",,,1553104774512,"$ 1,800",,,mjloh3scx6svtwxkx,"$ 1,890","$ 2,100","$ 1,785",7891000246429,"$ 1,133","$ 1,288",,sn-12340773-ne,"$ 1,611","$ 1,790",,162-278,,,,,"$ 1,930",,,34712424,"$ 1,990",,,3647-5838,"$ 2,200",,"$ 2,090",600060,"$ 1,490",,,36616,"$ 1,700",,,3893,"$ 2,690",,,3374,,,,
12482113,PRO PLAN ADULT DOG POLLO Y ARROZ 12X370gr,pro plan,perro,húmedo,"$ 3,490","$ 2,790","$ 4,690","$ 3,267","$ 3,740",,,alp-01-08296,"$ 3,290",,,1611866127980,"$ 2,800",,,uzkndgm87s3bezlsc,"$ 2,970","$ 3,300","$ 2,805",038100026743,"$ 2,990",,,la-11052090-ne,,,,,"$ 2,970","$ 3,490",,10051450,,,,,"$ 2,990",,,3770-6031,"$ 3,980",,"$ 3,781",121268,"$ 2,790",,,35991,"$ 3,100",,,3350,"$ 4,690",,,2529,"$ 2,890","$ 3,850",,038100026743
12341820,PRO PLAN Adulto Dog Carne en Salsa 100 gr,pro plan,perro,húmedo,"$ 1,900","$ 1,133","$ 2,690","$ 1,928","$ 1,870",,,alp-01-09023,"$ 1,990",,,1553104568466,"$ 1,800",,,sp6depdg2arrbd3pu,"$ 1,890","$ 2,100","$ 1,785",7891000246405,"$ 1,133","$ 1,288",,sn-12341820-ne,"$ 1,890",,,164-280,,,,,"$ 2,530",,,34712427,"$ 1,990",,,3639-5830,"$ 2,200",,"$ 2,090",600027,"$ 1,690",,,36613,"$ 1,700",,,3892,"$ 2,690",,,3375,"$ 1,690","$ 2,250",,7891000246405
12450605,"PRO PLAN Cat 7+ Optiage 3,0kg",pro plan,gato,seco,"$ 34,100","$ 26,721","$ 39,990","$ 30,580","$ 27,625",,,alg-01-11480,"$ 35,490",,,1608834142753,"$ 31,990",,,dza7mpxudaxsbearh,"$ 29,700","$ 33,000","$ 28,050",7613039946886,"$ 29,990","$ 35,282",,sa-12450605-ne,"$ 26,721","$ 29,690",,158-274,"$ 27,200","$ 31,990",,10048641,"$ 29,990","$ 32,990",,28540230,"$ 27,990",,,3738-5984,"$ 33,980",,"$ 32,281",600068,"$ 28,990",,,35521,,,,,"$ 39,990",,,1837,"$ 27,890","$ 37,190",,7613039946886
12450068,PRO PLAN Cat ADULT Optidigest 3kg,pro plan,gato,seco,"$ 30,600","$ 24,201","$ 37,990","$ 27,304","$ 25,075","$ 29,500",,alg-01-00081,"$ 31,990",,,1606745851074,"$ 28,990",,,wxha2hazak7khmfjr,"$ 27,720","$ 30,800","$ 26,180",7613039900277,"$ 27,200","$ 32,000",,sa-12450068-ne,"$ 24,201","$ 26,890",,154-269,"$ 24,650","$ 28,990",,10003718,"$ 27,990","$ 29,990",,28540225,"$ 24,990",,,3594-5755,"$ 24,980",,"$ 23,731",600051,"$ 25,990",,,57,"$ 25,500",,,7302,"$ 37,990",,,908,"$ 24,990","$ 33,320",,7613039900277
12450081,"PRO PLAN Cat ADULT Optidigest 7,5kg",pro plan,gato,seco,"$ 61,400","$ 44,175","$ 63,490","$ 51,493","$ 44,175","$ 58,900",,alg-01-06114,"$ 63,490",,,1605882820948,"$ 56,900",,,a4namnj9adnbpxwg5,"$ 51,390","$ 57,100","$ 48,535",7613039899922,"$ 51,000","$ 60,000",,sa-12450081-ne,"$ 44,901","$ 49,890",,154-268,"$ 46,400","$ 57,990",,10038260,"$ 54,990","$ 64,990",,28540226,"$ 50,990",,,3594-5757,"$ 46,280",,"$ 43,966",600046,"$ 52,990",,,33510,"$ 54,000",,,7301,"$ 55,000","$ 60,990",,909,"$ 48,390","$ 64,520",,7613039899922
12449850,"PRO PLAN Cat KITTEN Optistart 1,0kg",pro plan,gato,,"$ 12,600","$ 10,521","$ 16,990","$ 12,390","$ 11,815",,,alp-01-06703,"$ 12,990",,,1576679899399,"$ 12,600",,,gpqpcuqx67xdleuh8,"$ 12,600",,,7613039886557,"$ 11,990",,,sa-12449850-ne,"$ 10,521","$ 11,690",,151-263,"$ 10,710","$ 12,600",,10040997,"$ 10,990",,,28540221,"$ 11,990",,,3631-5818,"$ 14,980",,"$ 14,231",600050,"$ 10,990",,,34179,"$ 11,900",,,609,"$ 16,990",,,904,,,,
12449837,"PRO PLAN Cat KITTEN Optistart 3,0 kg",pro plan,gato,seco,"$ 34,100","$ 26,721","$ 39,990","$ 30,353","$ 27,625",,,alg-01-07682,"$ 35,490",,,1576679870499,"$ 31,990",,,ecssn5xcv8zx7ttya,"$ 32,500",,,7613039886922,"$ 27,990","$ 32,929",,sa-12449837-ne,"$ 26,721","$ 29,690",,151-262,"$ 27,200","$ 31,990",,10045756,"$ 28,990","$ 33,990",,28540222,"$ 27,990",,,3631-5819,"$ 33,980",,"$ 32,281",600048,"$ 28,990",,,34920,"$ 28,500",,,2092,"$ 39,990",,,1658,"$ 26,990","$ 35,990",,7613039886922
12448695,"PRO PLAN Cat KITTEN Optistart 7,5kg",pro plan,gato,seco,"$ 64,900","$ 47,241","$ 66,990","$ 55,430","$ 53,125","$ 62,500",,alg-01-00078,"$ 66,990",,,1609274735796,"$ 59,900",,,rx5ndntpj6rgtmvpb,"$ 54,630",,,7613039784914,"$ 50,990","$ 59,988",,sa-12448695-ne,"$ 47,241","$ 52,490",,151-261,"$ 51,850","$ 60,990",,10038352,"$ 53,990","$ 63,990",,28540223,"$ 52,990",,,3631-5820,"$ 64,980",,"$ 61,731",600044,"$ 55,990",,,33509,"$ 55,000",,,386,"$ 59,000","$ 70,990",,907,"$ 49,340","$ 65,790",,7613039784914
12450608,"PRO PLAN Cat REDUCED CALORIE Optifit 3,0kg",pro plan,gato,seco,"$ 34,100","$ 26,721","$ 39,990","$ 30,434","$ 28,815",,,alg-01-07789,"$ 35,490",,,1606768372989,"$ 28,900",,,rpccpbo77wz3k7ah2,"$ 29,700",,,7613039947401,"$ 29,990","$ 35,282",,sa-12450608-ne,"$ 26,721","$ 29,690",,157-273,"$ 27,200","$ 31,990",,10048658,"$ 29,990","$ 32,990",,28540234,"$ 27,990",,,3733-5974,"$ 33,980",,,600063,"$ 28,990",,,35533,,,,,"$ 39,990",,,1836,"$ 27,880","$ 37,170",,7613039947401
12450589,"PRO PLAN Cat STERILIZED Optirenal 3,0kg",pro plan,gato,seco,"$ 34,100","$ 26,990","$ 39,990","$ 30,415","$ 27,625","$ 32,500",,alg-01-06726,"$ 35,490",,,1658162087618,"$ 31,990",,,wrz93qsnrdmnraeze,"$ 29,700","$ 33,000","$ 28,050",7613039947784,"$ 26,990","$ 31,753",,sa-12450589-ne,,,,,"$ 27,200","$ 31,990",,10040973,"$ 28,990",,,28540228,"$ 27,990",,,3735-5977,"$ 33,980",,"$ 32,281",600061,"$ 28,990",,,34214,"$ 28,500",,,606,"$ 39,990",,,1246,"$ 27,960","$ 37,280",,7613039947784
12450610,"PRO PLAN Cat STERILIZED Optirenal 7,5kg",pro plan,gato,seco,"$ 64,900","$ 46,875","$ 67,490","$ 54,746","$ 46,875","$ 62,500",,alg-01-07788,"$ 67,490",,,1605882909319,"$ 59,900",,,jphdx9h9faxfmhvml,"$ 54,540","$ 60,600","$ 51,510",7613039947661,"$ 51,300","$ 60,353",,sa-12450610-ne,"$ 47,241","$ 52,490",,156-271,"$ 48,800","$ 60,990",,10049471,"$ 53,990",,,34311093,"$ 52,990",,,3735-5979,"$ 64,980",,"$ 61,731",600047,"$ 55,990",,,35589,"$ 55,000",,,7304,"$ 58,000","$ 70,990",,1838,"$ 49,350","$ 65,800",,7613039947661
12450587,"PRO PLAN Cat URINARY Optitract  1,0kg",pro plan,gato,seco,"$ 12,600","$ 10,570","$ 16,990","$ 12,691",,,,,"$ 12,990",,,1605882544860,"$ 12,600",,,5rxweypa8awa3o4eq,"$ 12,600","$ 14,000","$ 11,900",7613039947692,"$ 11,500",,,sa-12450587-ne,,,,,"$ 11,340","$ 12,600",,10040959,"$ 13,440",,,28540231,"$ 11,990",,,3736-5978,"$ 14,980",,"$ 14,231",600057,"$ 10,990",,,34207,"$ 12,300",,,607,"$ 16,990",,,905,"$ 10,570","$ 14,090",,7613039947692
12450606,PRO PLAN Cat URINARY Optitract  3 kg,pro plan,gato,seco,"$ 34,100","$ 26,721","$ 39,990","$ 29,635","$ 27,625",,,alg-01-00086,"$ 35,490",,,1605821562605,"$ 31,990",,,8k4yeegtcncf8ucgs,"$ 29,250","$ 32,500","$ 27,625",7613039947111,"$ 27,800","$ 32,706",,sa-12450606-ne,"$ 26,721","$ 29,690",,153-267,"$ 27,200","$ 31,990",,10003794,"$ 28,990","$ 32,990",,28540232,"$ 27,990",,,3736-5980,"$ 26,980",,"$ 25,631",600066,"$ 28,990",,,30022,"$ 28,500",,,7303,"$ 39,990",,,912,"$ 27,380","$ 36,510",,7613039947111
12450588,"PRO PLAN Cat URINARY Optitract  7,5kg",pro plan,gato,seco,"$ 64,900","$ 47,241","$ 67,490","$ 55,644","$ 53,125","$ 62,500",,alg-01-00087,"$ 67,490",,,1648645336865,"$ 59,900",,,ccrr8abj4ot7frqwv,"$ 54,810","$ 60,900","$ 51,765",7613039947739,"$ 51,300","$ 60,353",,sa-12450588-ne,"$ 47,241","$ 52,490",,153-266,"$ 51,850","$ 60,990",,10037867,"$ 55,990","$ 63,900",,28540233,"$ 52,990",,,3736-5981,"$ 64,980",,"$ 61,731",600049,"$ 55,990",,,33511,"$ 55,000",,,7345,"$ 59,000","$ 70,990",,913,"$ 49,350","$ 65,800",,7613039947739
12453318,PRO PLAN Dog Adult EXIGENT Optienrich  Raza Pequeña 3kg,pro plan,perro,seco,"$ 29,990","$ 23,900","$ 34,990","$ 27,920","$ 26,775",,,alp-01-06716,"$ 31,290",,,1576680232161,"$ 23,900",,,avddjvr2gnb8dg6qz,"$ 29,340","$ 32,600","$ 27,710",7613287035196,"$ 24,990","$ 29,400",,sa-12453318-ne,,,,,"$ 27,000","$ 29,990",,10003558,"$ 30,830",,,28540245,"$ 25,990",,,3712-5939,"$ 28,980",,"$ 27,531",600024,"$ 24,990",,,33041,"$ 28,500",,,372,"$ 34,990",,,1722,"$ 25,390","$ 33,850",,7613287035196
12453683,PRO PLAN Dog Adult EXIGENT Optienrich  Raza Pequeña 7.5kg,pro plan,perro,,"$ 62,990","$ 39,690","$ 70,900","$ 56,526","$ 55,675",,,alp-01-08143,"$ 65,990",,,1610027298562,"$ 39,690",,,12453683,"$ 70,900",,,7613287035264,"$ 52,990","$ 62,341",,sa-12453683-ne,,,,,,,,,,,,6833198,,,,,"$ 47,980",,"$ 45,581",600014,"$ 48,990",,,35448,,,,,"$ 69,990",,,1835,,,,
12453296,PRO PLAN Dog Adult Optihealth Raza Mediana 15kg,pro plan,perro,seco,"$ 86,990","$ 62,400","$ 89,990","$ 69,259","$ 67,915","$ 79,900",,alp-01-00067,"$ 89,990",,,1606942290182,"$ 77,990",,,zgcdvazobhhrkhaza,"$ 69,120","$ 76,800","$ 65,280",7613287031082,"$ 66,990","$ 78,812",,sa-12453296-ne,"$ 67,090",,,144-245,"$ 62,400","$ 77,990",,10003466,"$ 68,990","$ 78,990",,28540243,"$ 66,990",,,3560-5700,"$ 63,974","$ 78,980","$ 60,775",600005,"$ 67,990",,,137,"$ 70,900",,,3217,"$ 64,990","$ 88,990",,186,"$ 64,290","$ 85,720",,7613287031082
12453122,PRO PLAN Dog Adult Optihealth Raza Mediana 3kg,pro plan,perro,,"$ 26,700","$ 16,990","$ 28,990","$ 22,876","$ 23,375","$ 27,500",,alp-01-00066,"$ 16,990",,,1576612298783,,,,,"$ 23,400","$ 26,000","$ 22,100",7613287031051,"$ 21,600","$ 25,412",,sa-12453122-ne,,,,,,,,,"$ 28,990","$ 31,990",,28540242,,,,,,,,,"$ 22,990",,,135,,,,,,,,,"$ 22,790","$ 30,390",,7613287031051
12452939,PRO PLAN Dog Adult Optihealth Raza Pequeña 3kg,pro plan,perro,seco,"$ 27,700","$ 22,780","$ 33,990","$ 26,067","$ 24,225","$ 28,500",,alp-01-00069,"$ 28,490",,,1608316447296,"$ 27,700",,,bwbrh9f8fxtwm8a68,"$ 25,740","$ 28,600","$ 24,310",7613287029195,"$ 23,990","$ 28,224",,sa-12452939-ne,"$ 25,690",,,146-249,,,,,"$ 28,990","$ 30,990",,28540240,"$ 24,990",,,3562-5704,"$ 22,780",,"$ 21,641",600007,"$ 23,990",,,30024,"$ 24,600",,,3162,"$ 33,990",,,183,"$ 23,690","$ 31,590",,7613287029195
12453303,"PRO PLAN Dog Adult Optihealth Raza Pequeña 7,5kg",pro plan,perro,seco,"$ 58,490","$ 42,884","$ 59,990","$ 49,281","$ 50,575","$ 59,500",,alp-01-00070,"$ 59,990",,,1607021723287,,,,,"$ 52,290","$ 58,100","$ 49,385",7613287029515,"$ 45,990","$ 54,106",,sa-12453303-ne,"$ 50,290",,,146-248,"$ 46,800","$ 58,490",,10003541,,,,,"$ 49,990",,,3562-5706,"$ 42,884","$ 54,980","$ 40,740",600004,"$ 46,990",,,136,,,,,"$ 53,000","$ 64,990",,184,"$ 43,290","$ 57,720",,7613287029515
12453288,PRO PLAN Dog Puppy Optistart Raza Mediana  15kg,pro plan,perro,seco,"$ 89,990","$ 55,168","$ 92,990","$ 73,444","$ 73,015",,,alp-01-00060,"$ 92,990",,,1608833985697,"$ 79,990",,,xx2jdvhzkaghqqkyp,"$ 77,220","$ 85,800","$ 72,930",7613287028549,"$ 55,168",,,sa-12232694-ne,"$ 69,690",,,149-255,"$ 64,800","$ 80,990",,10003589,"$ 69,990","$ 79,990",,28540260,"$ 69,990",,,3616-5794,"$ 82,980",,"$ 78,831",600001,"$ 70,990",,,140,"$ 73,400",,,385,"$ 81,000","$ 90,990",,180,"$ 66,990","$ 89,320",,7613287028549
12452915,PRO PLAN Dog Puppy Optistart Raza Mediana  3kg,pro plan,perro,seco,"$ 27,700","$ 23,550","$ 33,990","$ 26,545","$ 25,075",,,alp-01-00058,"$ 28,990",,,1606484498845,"$ 27,700",,,gstbxu5pecs446zar,"$ 26,100","$ 29,000","$ 24,650",7613287028204,"$ 23,990","$ 28,224",,sa-12452915-ne,"$ 25,690",,,149-257,"$ 23,550","$ 27,700",,10003602,"$ 29,990","$ 32,990",,28540258,"$ 25,990",,,3616-5796,"$ 27,980",,"$ 26,581",600021,"$ 23,990",,,138,"$ 24,600",,,7347,"$ 33,990",,,178,"$ 23,990","$ 31,990",,7613287028204
12452753,PRO PLAN Dog Puppy Optistart Raza Pequeña 1kg,pro plan,perro,,"$ 10,990","$ 8,990","$ 14,990","$ 10,886",,,,,,,,,,,,,"$ 10,260","$ 11,400","$ 9,690",7613287022257,"$ 8,990",,,sa-12452753-ne,,,,,,,,,"$ 10,880",,,28540254,"$ 10,990",,,3617-5798,"$ 12,500",,"$ 11,875",600017,"$ 8,990",,,30639,,,,,"$ 14,990",,,4979,"$ 9,490","$ 12,650",,7613287022257
12453113,PRO PLAN Dog Puppy Optistart Raza Pequeña 3kg,pro plan,perro,seco,"$ 29,990","$ 23,900","$ 34,990","$ 27,373","$ 25,925",,,alp-01-00062,"$ 31,290",,,1607629936808,"$ 23,900",,,h97defgyygfxxyabz,"$ 26,910","$ 29,900","$ 25,415",7613287028051,"$ 23,990","$ 28,224",,sa-12453113-ne,,,,,"$ 25,500","$ 29,990",,10003657,"$ 28,990","$ 32,990",,28540255,"$ 25,990",,,3617-5800,"$ 28,980",,"$ 27,531",600018,"$ 24,990",,,30025,"$ 28,500",,,7346,"$ 34,990",,,176,"$ 25,890","$ 34,520",,7613287028051
12453105,PRO PLAN Dog Puppy Optistart Raza Pequeña 7.5kg,pro plan,perro,seco,"$ 62,990","$ 43,900","$ 64,990","$ 51,473","$ 54,825","$ 64,500",,alp-01-07783,"$ 64,990",,,1606746142145,"$ 43,900",,,d8wyfdoxwpnqhuwhg,"$ 55,800","$ 62,000","$ 52,700",7613287028129,"$ 49,990","$ 58,812",,sa-12453105-ne,,,,,"$ 50,400","$ 62,990",,10048634,"$ 49,990","$ 55,990",,28540256,"$ 54,990",,,3617-5801,"$ 45,880",,"$ 43,586",600019,"$ 48,990",,,35447,"$ 46,600",,,7892,"$ 56,000","$ 66,990",,177,"$ 46,790","$ 62,390",,7613287028129
12476239,PRO PLAN Dog SENSITIVE SKIN & STOMACH Optidual Raza M/G 3kg,pro plan,perro,,"$ 91,990","$ 69,990","$ 91,990","$ 80,046","$ 83,215",,,alp-01-13214,,,,,,,,,,,,,"$ 69,990","$ 82,341",,sa-12476239-ne,,,,,,,,,,,,,,,,,,,,,"$ 74,990",,,39919,,,,,"$ 91,990",,,10720,,,,
12476116,PRO PLAN Dog SENSITIVE SKIN & STOMACH Optidual Raza Pequeña 3 kg,pro plan,perro,,"$ 29,990","$ 23,990","$ 34,990","$ 27,686","$ 26,775",,,alp-01-13216,,,,,,,,,,,,,"$ 23,990","$ 28,224",,sa-12476116-ne,,,,,,,,,,,,,,,,,,,,,"$ 24,990",,,39920,,,,,"$ 34,990",,,10722,,,,
12476228,PRO PLAN Dog SENSITIVE SKIN & STOMACH Optidual Raza Pequeña 3 kg,pro plan,perro,,"$ 59,990","$ 46,990","$ 66,990","$ 54,236","$ 53,975",,,alp-01-13215,,,,,,,,,,,,,"$ 46,990","$ 55,282",,sa-12476228-ne,,,,,,,,,,,,,,,,,,,,,"$ 48,990",,,39924,,,,,"$ 66,990",,,10721,,,,
12453348,PRO PLAN Dog SENSITIVE SKIN Cordero Adulto 3kg,pro plan,perro,,"$ 29,990","$ 18,780","$ 34,990","$ 26,235","$ 27,115",,,alp-01-08220,,,,,,,,,,,,,"$ 23,990","$ 28,224",,sa-12324581-ne,"$ 27,790",,,137-234,"$ 18,780",,,10050361-1,,,,,"$ 25,990",,,7317-11509,,,,,"$ 24,990",,,35808,,,,,"$ 34,990",,,2095,,,,
12453349,PRO PLAN Dog SENSITIVE SKIN Cordero Adulto 3kg,pro plan,perro,,"$ 93,990","$ 53,900","$ 92,490","$ 74,406","$ 74,715",,,alp-01-08221,"$ 92,490",,,1583780205962,,,,,,,,,"$ 53,900",,,sa-12324580-ne,"$ 71,390",,,137-233,"$ 66,400","$ 82,990",,10053249,,,,,"$ 70,990",,,7317-11507,"$ 86,980",,,600011,"$ 76,990",,,35807,"$ 75,800",,,9344,,,,,,,,
12453319,PRO PLAN Dog SENSITIVE SKIN Cordero Cachorro 3 kg,pro plan,perro,,"$ 31,000","$ 25,990","$ 37,990","$ 29,463","$ 27,625",,,alp-01-08218,"$ 31,990",,,1533923736800,,,,,,,,,"$ 26,350","$ 31,000",,sa-12337769-ne,"$ 28,790",,,136-232,,,,,,,,,"$ 27,990",,,7316-11508,"$ 28,980",,,600030,"$ 25,990",,,35806,,,,,"$ 37,990",,,2097,,,,
12467697,PRO PLAN Dog SENSITIVE SKIN Cordero Cachorro 3 kg,pro plan,perro,,"$ 97,990","$ 66,400","$ 86,980","$ 79,561","$ 86,615",,,alp-01-08219,"$ 85,990",,,1655933991671,,,,,,,,,,,,,"$ 71,390",,,136-231,"$ 66,400","$ 82,990",,10053522,,,,,"$ 79,990",,,7316-11506,"$ 86,980",,"$ 82,631",600010,,,,,,,,,,,,,,,,
12453313,PRO PLAN Dog SENSITIVE SKIN Salmón Optiderma Raza Pequeña  3 kg,pro plan,perro,,"$ 29,990","$ 20,890","$ 34,990","$ 26,961",,,,,"$ 31,990",,,1615913536812,"$ 23,900",,,bjffyaee8jx2gxdqy,"$ 28,080","$ 31,200","$ 26,520",7613287033161,"$ 23,500",,,sa-12453313-ne,"$ 27,790",,,139-237,,,,,,,,,"$ 25,990",,,3715-5944,"$ 23,980",,"$ 22,781",600028,,,,,"$ 28,500",,,7376,"$ 34,990",,,1731,"$ 20,890","$ 27,850",,7613287033161
12480330,PRO PLAN KITTEN POLLO E HIGADO 24X85gr,pro plan,gato,húmedo,"$ 1,850","$ 1,290","$ 2,690","$ 1,843","$ 1,870","$ 2,200",,alg-01-08299,"$ 1,990",,,1565718902544,"$ 2,200",,,jycnxdgbr3aas6f7a,"$ 1,710","$ 1,900","$ 1,615",038100026903,"$ 1,690",,,la-11051049-ne,,,,,,,,,"$ 1,290",,,34311123,"$ 1,690",,,3648-5839,"$ 2,200",,"$ 2,090",121271,"$ 1,490",,,35995,"$ 1,700",,,2575,"$ 2,690",,,2538,"$ 1,590","$ 1,990",,038100026903
12341824,PRO PLAN Kitten Wet Pollo 85 gr,pro plan,gato,húmedo,"$ 1,950","$ 1,133","$ 2,690","$ 1,908","$ 2,040","$ 2,400",,alg-01-09018,"$ 1,990",,,1553104853895,"$ 1,900",,,k9xtunbsvm8otw3aq,"$ 1,890","$ 2,100","$ 1,785",7891000246481,"$ 1,133","$ 1,288",,sn-12341824-ne,"$ 1,611","$ 1,790",,160-276,,,,,"$ 2,610",,,34712425,"$ 1,890",,,3651-5842,"$ 2,200",,"$ 2,090",600058,"$ 1,690",,,36617,"$ 1,700",,,3895,"$ 2,690",,,3377,"$ 1,460","$ 1,950",,7891000246481
12482280,PRO PLAN PUPPY POLLO Y ARROZ 12X370gr,pro plan,perro,húmedo,"$ 3,990","$ 2,700","$ 4,690","$ 3,498","$ 3,910","$ 4,600",,alp-01-08295,"$ 3,590",,,1613051678030,"$ 3,300",,,9tn65saegy8yhzqqp,"$ 3,150","$ 3,500","$ 2,975",038100026712,"$ 3,400",,,la-11052087-ne,,,,,"$ 3,400","$ 3,990",,10051443,"$ 3,990","$ 4,990",,34311113,"$ 3,490",,,3637-5828,"$ 3,980",,"$ 3,781",121267,"$ 2,990",,,35992,"$ 2,700",,,2577,"$ 4,690",,,2526,"$ 2,890","$ 3,850",,038100026712
12482108,PRO PLAN SENSITIVE DOG SALMON Y ARROZ 12X370gr,pro plan,perro,,"$ 3,990","$ 2,990","$ 3,910","$ 3,521","$ 3,910","$ 4,600",,alp-01-08297,"$ 3,690",,,1628594604411,,,,,"$ 3,150","$ 3,500","$ 2,975",038100026897,"$ 3,400",,,la-12307260-ne,,,,,,,,,,,,6834194,"$ 3,490",,,3638-5829,,,,,"$ 2,990",,,35993,"$ 3,900",,,2572,"$ 3,518",,,2532,"$ 3,640","$ 4,850",,038100026897
12480321,PRO PLAN URINARY CAT CARNE Y POLLO 24X85gr,pro plan,gato,húmedo,"$ 1,850","$ 1,490","$ 2,200","$ 1,809","$ 2,040","$ 2,400",,alg-01-08300,,,,,"$ 2,200",,,eebmgu2rwqeukl4t6,"$ 1,710","$ 1,900","$ 1,615",38100173409,"$ 1,890",,,la-12416306-ne,,,,,"$ 1,850",,,10052525,,,,,"$ 1,690",,,3650-5841,,,,,"$ 1,490",,,35996,"$ 1,600",,,2574,,,,,,,,
12476108,"PROPLAN CatAdt Sensitive Stomach 3,0kg",pro plan,gato,,"$ 34,100","$ 26,350","$ 28,990","$ 28,052","$ 28,815",,,alg-01-13414,,,,,,,,,,,,,"$ 26,350","$ 31,000",,sa-12476108-ne,,,,,,,,,,,,,,,,,,,,,"$ 28,990",,,40004,,,,,,,,,,,,
