,nombre_promocion,tipo_oferta,posicion,url_img,datetime_checked,descripcion_promo,publico_objetivo,categorias_en_promo,marcas_en_promo,productos_en_oferta,cuotas_sin_interes,cupon_app,promociones_envio
0,banner-0,ofertas_principales,1,https://fcc.flixcart.com/www/assets/mon/walmartchile/1709553015333-cltcvq4v96zul7rrgor48ac1q.jpg,2024-03-07 12:44:14.118474,Vuelta a clases con precios bajos,Estudiantes,"['vuelta', 'clases', 'precios bajos']","['Totto', 'Novakhus']","[{'nombre_del_producto': 'Mochila Totto 24452022 Morral Escolar Rodado 18 Pulgadas', 'precio_normal': '$ 13.990', 'precio_oferta': '$ 6.990', 'descuento': '50%'}, {'nombre_del_producto': 'Silla Gamer Novakhús Ultimate Racing Rojo', 'precio_normal': '$ 216.990', 'precio_oferta': '$ 59.990', 'descuento': '72%'}]",,,
1,banner-1,ofertas_principales,2,https://fcc.flixcart.com/www/assets/mon/walmartchile/1709568989801-cltd58iuh7hdikqr5mrslq7dy.jpg,2024-03-07 12:44:14.118474,Hasta $350.000 de descuento en notebooks Asus,Gamers y profesionales que buscan un alto rendimiento en sus equipos.,"['Notebooks', 'Asus', 'Gaming']",['Asus'],"[{'nombre_del_producto': 'Asus TUF Gaming F15 FX506 Intel Core i5', 'precio_normal': '$599.990', 'precio_oferta': '$350.000', 'descuento': '40%'}, {'nombre_del_producto': 'Asus Notebook E1404FA-NKT178W', 'precio_normal': '$309.990', 'precio_oferta': '$240.000', 'descuento': '22%'}, {'nombre_del_producto': 'Asus ROG Strix G15 Ryzen 9 RTX 3060 6GB', 'precio_normal': '$1.099.990', 'precio_oferta': '$800.000', 'descuento': '27%'}]",,,Despacho gratis en productos seleccionados
2,banner-2,ofertas_principales,3,https://fcc.flixcart.com/www/assets/mon/walmartchile/1709553109440-cltcvs5hc73y23srhr1k6e3om.jpg,2024-03-07 12:44:14.118474,"Hasta $260.000 de descuento en televisores Samsung, Philips y Caixun.",Personas que buscan televisores de alta calidad con tecnología 4K y Smart TV.,"['Televisores', 'Smart TV', '4K']","['Samsung', 'Philips', 'Caixun']","[{'nombre_del_producto': 'Samsung 58"" 4K UHD Smart TV', 'precio_normal': '$599.990', 'precio_oferta': '$339.990', 'descuento': '43%'}, {'nombre_del_producto': 'Philips 43"" FHD LED Smart TV', 'precio_normal': '$289.990', 'precio_oferta': '$154.990', 'descuento': '46%'}, {'nombre_del_producto': 'Philips 43"" 4K UHD Smart TV', 'precio_normal': '$359.990', 'precio_oferta': '$219.990', 'descuento': '39%'}, {'nombre_del_producto': 'Caixun 40"" Roku TV', 'precio_normal': '$140.000', 'precio_oferta': '$89.990', 'descuento': '36%'}]",,,
3,banner-3,ofertas_principales,4,https://fcc.flixcart.com/www/assets/mon/walmartchile/1709553167117-cltcvtdzh6wxi6lrgh11cpqw3.jpg,2024-03-07 12:44:14.118474,,,,,,,,
4,banner-4,ofertas_principales,5,https://fcc.flixcart.com/www/assets/mon/walmartchile/1709553234380-cltcvutvw71b9kir52op4nv26.jpg,2024-03-07 12:44:14.118474,Descubre nuevas formas de belleza,Mujeres,"['Perfumes', 'Belleza', 'Cuidado personal']","['Carolina Herrera', 'Calvin Klein', 'Moschino', ""Victoria's Secret""]",[],,,
5,banner-5,ofertas_principales,6,https://fcc.flixcart.com/www/assets/mon/walmartchile/1709553303680-cltcvwbcw70z7ljr5ggiqw8c2.jpg,2024-03-07 12:44:14.118474,Hasta 50% de descuento en muebles y colchones,Personas que buscan amueblar su casa con productos de calidad a buen precio,"['muebles', 'sillones', 'mesas']","['Mainstays', 'Daniels']","[{'nombre_del_producto': 'Sillón Sweet Hogar', 'precio_normal': 350.0, 'precio_oferta': 159.99, 'descuento': '54%'}, {'nombre_del_producto': 'Sofá Dallas Gris', 'precio_normal': 299.99, 'precio_oferta': 199.99, 'descuento': '33%'}, {'nombre_del_producto': 'Comedor Sweet Hogar 4 sillas color beige', 'precio_normal': 299.99, 'precio_oferta': 169.99, 'descuento': '43%'}, {'nombre_del_producto': 'Sillón Reclinable Daniels Berger', 'precio_normal': 350.0, 'precio_oferta': 169.99, 'descuento': '51%'}]",,,
6,banner-6,ofertas_principales,7,https://fcc.flixcart.com/www/assets/mon/walmartchile/1709553380335-cltcvxyi771cw6srgvnnf79ox.jpg,2024-03-07 12:44:14.118474,LG te ofrece hasta un 40% de descuento en la compra de productos seleccionados.,Personas que buscan renovar su cocina con tecnología de última generación.,"['Cocina', 'Electrodomésticos', 'Hogar']",['LG'],"[{'nombre_del_producto': 'LG Refrigerador No Frost Top Freezer LG', 'precio_normal': '$514.990', 'precio_oferta': '$379.990', 'descuento': '26%'}, {'nombre_del_producto': 'LG Lavadora Carga Frontal 12 Kg LG', 'precio_normal': '$524.990', 'precio_oferta': '$349.990', 'descuento': '32%'}, {'nombre_del_producto': 'LG Lavadora Carga Superior 13 Kg', 'precio_normal': '$399.990', 'precio_oferta': '$249.990', 'descuento': '37%'}]",,,Despacho gratis en productos seleccionados
7,grid2-desktop,grid_ofertas,2,https://fcc.flixcart.com/www/assets/mon/walmartchile/1709575351937-cltd90vwh7ienljr5b2o03f84.jpg,2024-03-07 12:44:14.118474,Hasta 50% de descuento en electrodomésticos de cocina,Personas que buscan renovar sus electrodomésticos de cocina.,"['Electrohogar', 'Cocina', 'Hogar']","['Krups', 'Easyways']","[{'nombre_del_producto': 'Microondas Easyways 20 litros', 'precio_normal': '$54.990', 'precio_oferta': '$45.990', 'descuento': '16%'}, {'nombre_del_producto': 'Cafetera Krups', 'precio_normal': '$139.990', 'precio_oferta': '$119.990', 'descuento': '14%'}]",,,
8,grid3-desktop,grid_ofertas,3,https://fcc.flixcart.com/www/assets/mon/walmartchile/1709556562557-cltcxu5x96yhb3zrhsvzz045s.jpg,2024-03-07 12:44:14.118474,Neumáticos y accesorios para automóviles con hasta un 50% de descuento,Dueños de vehículos que buscan mantener sus vehículos en buen estado y ahorrar dinero en el proceso.,"['Neumáticos', 'Accesorios', 'Automóvil']","['Maxxtrek', 'Goodyear', 'Black+Decker']","[{'nombre_del_producto': 'Neumáticos Goodyear', 'precio_normal': '$50.000', 'precio_oferta': '$25.000', 'descuento': '50%'}, {'nombre_del_producto': 'Accesorios para automóviles Black+Decker', 'precio_normal': '$20.000', 'precio_oferta': '$10.000', 'descuento': '50%'}]",,,
9,grid4-desktop,grid_ofertas,4,https://fcc.flixcart.com/www/assets/mon/walmartchile/1709556678097-cltcxwn2p78ogkqr5bcznvmbw.jpg,2024-03-07 12:44:14.118474,Hasta 30% de descuento en productos de deporte y aire libre. ,Personas interesadas en el deporte y el fitness que buscan mantenerse en forma y mejorar su salud.,"['deporte', 'fitness', 'bienestar']","['fitmax', 'lider']","[{'nombre_del_producto': 'Pantalón deportivo Fitmax', 'precio_normal': '$29.990', 'precio_oferta': '$20.990', 'descuento': '30%'}, {'nombre_del_producto': 'Cinta de correr Fitmax', 'precio_normal': '$499.990', 'precio_oferta': '$399.990', 'descuento': '20%'}, {'nombre_del_producto': 'Bicicleta estática Fitmax', 'precio_normal': '$299.990', 'precio_oferta': '$249.990', 'descuento': '17%'}]",,,
10,mi club-1,ofertas_final_pag,1,https://apps.lider.cl/landing/banners/lineBreakers/bottom/desktop/mcl-bts-vestuario-desktop-1705584540025.jpg,2024-03-07 12:44:14.118474,Acumula el doble de CMR Puntos pagando con tarjeta de crédito CMR,Padres y apoderados que buscan comprar vestuario y calzado escolar para sus hijos.,"['Vestuario', 'Calzado', ' Escolar']",,[],,,
11,offers-1-2,ofertas_final_pag,2,https://fcc.flixcart.com/www/assets/mon/walmartchile/1709556792535-cltcxz3dj739z6lrggixqegf3.jpg,2024-03-07 12:44:14.118474,Organización y Logia desde $6.990,Personas interesadas en mantener el orden y la limpieza en el hogar.,"['hogar', 'orden', 'limpieza']",,[],,,
12,offers-1-3,ofertas_final_pag,3,https://fcc.flixcart.com/www/assets/mon/walmartchile/1709556855626-cltcy0g22761x7rrgf4wm5omx.jpg,2024-03-07 12:44:14.118474,"{'nombre': 'Lapiceros Filgo Fast Track x36', 'precio_normal': 13990, 'precio_oferta': 8490, 'descuento': '36%'}",Estudiantes y padres de familia,"['Vuelta a clases', 'Escolares', 'Lapiceros']",['Filgo'],[],,,
13,blockimage-4,ofertas_final_pag,4,https://fcc.flixcart.com/www/assets/mon/walmartchile/1709553489023-cltcw0adb6n3r8grgceoivrap.jpg,2024-03-07 12:44:14.118474,Hasta 25% de descuento en productos Barbie,Niñas de 3 a 12 años,"['Juguetes', 'Niñas', 'Barbie']",['Barbie'],"[{'nombre_del_producto': 'Casa de Barbie', 'precio_normal': '$50.000', 'precio_oferta': '$37.500', 'descuento': '25%'}, {'nombre_del_producto': 'Muñeca Barbie', 'precio_normal': '$10.000', 'precio_oferta': '$8.000', 'descuento': '20%'}, {'nombre_del_producto': 'Coche de Barbie', 'precio_normal': '$15.000', 'precio_oferta': '$11.250', 'descuento': '25%'}]",,,
14,blockimage-5,ofertas_final_pag,5,https://fcc.flixcart.com/www/assets/mon/walmartchile/1709553560405-cltcw1tg53wjdq4rg3vt2x90k.jpg,2024-03-07 12:44:14.118474,"Taladro percutor Einhell TE-CD 18/40 Li-i + 2 baterías de 2,0 Ah + cargador + maletín a $99.990.",Público en general que busca herramientas de calidad a buen precio.,"['herramientas', '電動工具', 'taladros']",['Einhell'],"[{'nombre_del_producto': 'Taladro percutor Einhell TE-CD 18/40 Li-i', 'precio_normal': '$233.990', 'precio_oferta': '$99.990', 'descuento': '56%'}]",,,
15,blockimage-6,ofertas_final_pag,6,https://fcc.flixcart.com/www/assets/mon/walmartchile/1709553618461-cltcw328t74tp3srhne49ilj2.jpg,2024-03-07 12:44:14.118474,Parlantes Bose con un 25% de descuento,Amantes de la música que buscan parlantes de alta calidad.,"['Tecnologia', 'Sonido', 'Parlantes']",['Bose'],"[{'nombre_del_producto': 'Parlante Bose S1 Pro', 'precio_normal': '$899.990', 'precio_oferta': '$679.990', 'descuento': '25%'}]",,,
16,blockimage-7,ofertas_final_pag,7,https://fcc.flixcart.com/www/assets/mon/walmartchile/1709553682131-cltcw4fdf708y4lrh58u3bssf.jpg,2024-03-07 12:44:14.118474,Hasta 50% de descuento en suplementos y vitaminas,Personas interesadas en mejorar su rendimiento deportivo o que buscan suplementos alimenticios para mejorar su salud.,"['Suplementos', 'vitaminas', 'bienestar']",['5G'],"[{'nombre_del_producto': '5G Creatine', 'precio_normal': '$19.990', 'precio_oferta': '$9.990', 'descuento': '50%'}]",,,
17,blockimage-8,ofertas_final_pag,8,https://fcc.flixcart.com/www/assets/mon/walmartchile/1709553743642-cltcw5qu26nel8grgpratcwiy.jpg,2024-03-07 12:44:14.118474,Seguridad para bebés. Rebaja de $40.000,Padres y madres primerizos,"['Seguridad', 'Cuidado', 'Niños']",['Glow Up'],"[{'nombre_del_producto': 'Barrera de seguridad Glow Up', 'precio_normal': '$69.990', 'precio_oferta': '$29.990', 'descuento': '57%'}]",,,
18,blockimage-9,ofertas_final_pag,9,https://fcc.flixcart.com/www/assets/mon/walmartchile/1709562071760-cltd148uo7lig3lrhaq4yjrem.jpg,2024-03-07 12:44:14.118474,Mes del vino,Amantes del vino,"['Vinos', 'Bebidas', 'Gourmet']",,[],,,
19,blockimage-10,ofertas_final_pag,10,https://fcc.flixcart.com/www/assets/mon/walmartchile/1709553815253-cltcw7a391mc949rht0xqtvl7.jpg,2024-03-07 12:44:14.118474,Escritorios desde $35.990,Estudiantes y personas que trabajan desde casa,"['escritorio', 'computacion', 'oficina']","['Haus', 'Mainstays', 'CIC']",[],,,
20,blockimage-11,ofertas_final_pag,11,https://fcc.flixcart.com/www/assets/mon/walmartchile/1709568217777-cltd4rz5d7ezukir5cov4m0s7.jpg,2024-03-07 12:44:14.118474,accesorios para mascotas con hasta 30% de descuento,personas que tienen mascotas,"['mascotas', 'perros', 'accesorios']",,[],,,
