,name_img,tipo_oferta,position,url_img,datetime_checked,descripcion_promo,duracion_promo,publico_objetivo,categorias_en_promo,marcas_en_promo,productos_en_oferta,cuotas_sin_interes,cupon_app,promociones_envio
0,zapatillas,ofertas_principales,1,https://images.falabella.com/v3/assets/blt7c5c2f2f888a7cc3/blt4e499ae72c79dd1c/65e640663e2d0ef5c9f73180/Zapatillas-040324-mb.jpg,2024-03-05 19:04:50.526096,zapatillas con 40% de descuento,,"['deportista', 'activo', 'moderno', 'urbano', 'casual']","['zapatillas', 'deporte', 'hombre']","['adidas', 'fila', 'asics', 'new balance']",[],,,
1,perfumes,ofertas_principales,2,https://images.falabella.com/v3/assets/blt7c5c2f2f888a7cc3/bltb68e430a7f015f4b/65e61bf47c85265522236640/Perfumes-Belleza-Vitrina-dk-040324-NM.jpg,2024-03-05 19:04:50.526096,30% de descuento en productos seleccionados,,"['femenino', 'masculino', 'independiente', 'moderno', 'urbano']","['perfumes', 'lancome', 'polo ralph lauren']","['lancome', 'ralph lauren', 'giorgio armani']",[],,,envío en 24 horas para productos seleccionados
2,apple week,ofertas_principales,3,https://images.falabella.com/v3/assets/blt7c5c2f2f888a7cc3/blt76c90f30f0126599/65e2207231aca198237f030a/AppleWeek-Vitrina-dk-040324-NM.jpg,2024-03-05 19:04:50.526096,apple week,,"['tecnofilo', 'consumista', 'independiente', 'urbano', 'moderno']","['apple', 'iphone', 'computadores']",['apple'],[],12.0,,
3,muebles,ofertas_principales,4,https://images.falabella.com/v3/assets/blt7c5c2f2f888a7cc3/blt18aa2257753fa845/65e22bb7ffa94a122f3d505e/04-vitrina-DK-Muebles-040324-PS.jpg,2024-03-05 19:04:50.526096,hasta 50% dcto. en muebles,,"['moderno', 'minimalista', 'urbano', 'joven', 'independiente']","['muebles', 'sillones', 'mesas']","['deco class', 'vekkahome']","[{'nombre_del_producto': 'Sillón 3 cuerpos tela velvet arezzo', 'precio_normal': 799990, 'precio_oferta': 349990, 'descuento': '56%'}, {'nombre_del_producto': 'Comedor 4 sillas celine leone', 'precio_normal': 219990, 'precio_oferta': 99990, 'descuento': '54%'}]",6.0,,
4,computacion ,ofertas_principales,5,https://images.falabella.com/v3/assets/blt7c5c2f2f888a7cc3/blt338565db7691a5f0/65e767511ab2dc2107979a92/05-Vitrina-DK-Computacion-040324-CS.jpg,2024-03-05 19:04:50.526096,"hasta 10 cuotas sin interés en notebooks, computadores, tablets e impresoras",,"['tecnológico', 'gamer', 'estudiante', 'profesional', 'joven']","['notebooks', 'computadores', 'tablets', 'impresoras']","['hp', 'asus']","[{'nombre_del_producto': 'notebook hp 15 4 nucleos 512gb ssd 14"" fhd', 'precio_normal': 669.99, 'precio_oferta': 429.99, 'descuento': '36%'}, {'nombre_del_producto': 'notebook asus vivobook 14 i5 512gb ssd 14"" fhd', 'precio_normal': 659.99, 'precio_oferta': 429.99, 'descuento': '35%'}]",10.0,,
5,camas,ofertas_principales,6,https://images.falabella.com/v3/assets/blt7c5c2f2f888a7cc3/bltd82409f64a85eb65/65e63ccf2c8bef2d47623a47/06-Vitrina-dk-CAMAS-040324-CS.jpg,2024-03-05 19:04:50.526096,,,,,,,,,
6,20% calzado escolar	,ofertas_secundarias,1,https://images.falabella.com/v3/assets/blt7c5c2f2f888a7cc3/bltb6057076aae8c777/65e642223b4c4fb9fa7afae9/Hardsell-01-CalzadoEscolar-040324-DH.jpg,2024-03-05 19:04:50.526096,20% de descuento en calzado escolar seleccionado,,"['infantil', 'escolar', 'moderno', 'urbano', 'activo']","['calzado', 'escolar', 'ninos']","['holley', 'diadora']",[],,,
7,mochilas escolares 30%,ofertas_secundarias,2,https://images.falabella.com/v3/assets/blt7c5c2f2f888a7cc3/blt1b1c3badf71c8047/65e528c777ae45b737b10b70/Hardsell-02-Mochilas-040324-DH.jpg,2024-03-05 19:04:50.526096,30% de descuento en mochilas escolares,,"['Infantil', 'Juvenil', 'Estudiante', 'Padres', 'Compras escolares']","['Mochilas', 'escolares', 'infantiles']","['Yamp', 'Doo', 'Maui']",[],,,Envío en 24 hrs para productos seleccionados
8,uniformes escolares,ofertas_secundarias,3,https://images.falabella.com/v3/assets/blt7c5c2f2f888a7cc3/blt043354dbd2e8a213/65e528c73b4c4f69a67af3c8/Hardsell-03-Uniformes-040324-DH.jpg,2024-03-05 19:04:50.526096,6 cuotas sin interes pagando con CMR Falabella,,"['infantil', 'escolar', 'moderno', 'urbano', 'dinamico']","['uniformes', 'ninos', 'ninas']","['holley', 'mau', 'colloquy']",[],6.0,,
9,utiles escolares y libros 40%,ofertas_secundarias,4,https://images.falabella.com/v3/assets/blt7c5c2f2f888a7cc3/bltcbb7bd71cefc27cc/65e528c76c65d7e88b87f5dc/Hardsell-04-Utiles-040324-DH.jpg,2024-03-05 19:04:50.526096,40% de descuento en útiles escolares seleccionados,,"['escolar', 'estudiante', 'creativo', 'artista', 'juvenil']","['utiles', 'escolares', 'marcadores']","['proarte', 'sharpie']",[],,,
10,vestuario nueva temporada,grid_ofertas,1,https://images.falabella.com/v3/assets/blt7c5c2f2f888a7cc3/bltf6d59e89a5498313/65e20fec4487d0cffd4003b8/MC-1-1-DK-VestNT-040324-CS.jpg,2024-03-05 19:04:50.526096,30% de descuento en vestuario de temporada nueva,,"['moderno', 'casual', 'urbano', 'joven', 'femenino']","['vestuario', 'temporada', 'nuevo']","['mango', 'americano', ""carter's""]",[],,,
11,serum belleza,grid_ofertas,2,https://images.falabella.com/v3/assets/blt7c5c2f2f888a7cc3/bltc904bc251719196e/65e20fec3b4c4f429b7aefd7/MC-1-2-DK-Bellezaa-040324-CS.jpg,2024-03-05 19:04:50.526096,30% de descuento en serums seleccionados,,"['femenino', 'adulto', 'clase media', 'preocupado por la belleza', 'cosmopolita']","['belleza', 'cuidado de la piel', 'antienvejecimiento']","['lancome', 'vichy', 'estee lauder']","[{'nombre_del_producto': 'lancome advanced genifique youth activating concentrate', 'precio_normal': None, 'precio_oferta': None, 'descuento': None}, {'nombre_del_producto': 'vichy liftactiv supreme h.a. epfiller', 'precio_normal': None, 'precio_oferta': None, 'descuento': None}, {'nombre_del_producto': 'estee lauder advanced night repair synchronized multi-recovery complex', 'precio_normal': None, 'precio_oferta': None, 'descuento': None}]",,,envio gratis en 24 horas
12,vestuario deportivo nueva temporada,grid_ofertas,3,https://images.falabella.com/v3/assets/blt7c5c2f2f888a7cc3/blt44a608670da7c6d7/65e20fed72b3873cac22cc40/MC-1-3-DK-VestDeportivo-040324-CS.jpg,2024-03-05 19:04:50.526096,30% de descuento en vestuario deportivo adidas y nike,,"['deportista', 'moderno', 'urbano', 'joven', 'activo']","['vestuario', 'deportivo', 'adidas']","['adidas', 'nike']",[],,,
13,videojuegos ,grid_ofertas,4,https://images.falabella.com/v3/assets/blt7c5c2f2f888a7cc3/bltf42bef80e1b07572/65e5c163f86c24b8b48e2208/MC-2-1-Playstation-dk-040324-DH.png,2024-03-05 19:04:50.526096,lleva la ps5 slim standard con 2 juegos a precio rebajado,,"['gamer', 'playstation', 'videojuegos', 'entretenimiento', 'tecnologia']","['videojuegos', 'consolas', 'playstation']","['sony', 'playstation']",[],,,
14,television,grid_ofertas,5,https://images.falabella.com/v3/assets/blt7c5c2f2f888a7cc3/blt5ef055edd4b0c60e/65e77353ed37f67a44b10371/MC-2-2-TV-dk-040324-DH.jpg,2024-03-05 19:04:50.526096,lleva tu tv philips con 10 cuotas sin interes y a precio rebajado,,"['tecnofilo', 'amante de peliculas', 'jugadores', 'entretenido', 'deportista']","['tv', 'electronicos', 'tecnologia']",['philips'],"[{'nombre_del_producto': 'Philips Led UHD 4K Ambilight', 'precio_normal': 529.99, 'precio_oferta': 329.99, 'descuento': '38%'}]",10.0,,
15,linea blanca,grid_ofertas,6,https://images.falabella.com/v3/assets/blt7c5c2f2f888a7cc3/blt64bff844883e4303/65e78ac170389a3eb5f663f7/MC-2-3-dk-Lineablanca-040324-DH.jpg,2024-03-05 19:04:50.526096,lleva lo mejor de samsung a tu hogar,,"['indeciso', 'apurado', 'despistado', 'olvidadizo', 'apurado']","['linea blanca', 'electrodomesticos', 'samsung']","['samsung', 'mideai']","[{'nombre_del_producto': 'samsung refrigerador top mount 298lt', 'precio_normal': 549990, 'precio_oferta': 379990, 'descuento': '31%'}, {'nombre_del_producto': 'mideai lavadora automatica 14kg', 'precio_normal': 329990, 'precio_oferta': 229990, 'descuento': '30%'}]",,,
16,"ropa de cama, sabanas",grid_ofertas,7,https://images.falabella.com/v3/assets/blt7c5c2f2f888a7cc3/blt92931e7cdc86918c/65e63ac1330e0054cf7f8f9e/Sabanas-MC3-1-dk-040324-NM.jpg,2024-03-05 19:04:50.526096,juego de sábanas roberta allen 2 plazas a $24.990,,"['femenino', 'moderno', 'minimalista', 'urbano', 'joven']","['textil', 'hogar', 'sabanas']","['roberta allen', 'benetton']",[],,,
17,iluminacion,grid_ofertas,8,https://images.falabella.com/v3/assets/blt7c5c2f2f888a7cc3/blte9f5814e174af457/65e22257ee3a130815c90106/Iluminacion-MC3-2-dk-040324-NM.jpg,2024-03-05 19:04:50.526096,3x2 en productos de iluminacion,,"['amante', 'decoracion', 'moderno', 'minimalista', 'urbano']","['iluminacion', 'exterior', 'jardin']",,[],,,
18,fitness,grid_ofertas,9,https://images.falabella.com/v3/assets/blt7c5c2f2f888a7cc3/bltd8243153b6d261d2/65e22258ae62f75c624bff70/Trotadora-MC3-3-dk-040324-NM.jpg,2024-03-05 19:04:50.526096,regalo smart band + oportunidad única,,"['deportista', 'saludable', 'activo', 'moderno', 'tecnológico']","['deportes', 'fitness', 'salud']",['YEP SPORT'],"[{'nombre_del_producto': 'YEP S Trotadora eléctrica 3 niveles', 'precio_normal': 499.99, 'precio_oferta': 259.99, 'descuento': '48%'}]",,,envío en 24 horas para productos seleccionados
19,desktop-category-image,lo_ultimo,1,https://images.falabella.com/v3/assets/blt7c5c2f2f888a7cc3/blt311beea7367b77c1/65e53e9f31aca1eacc7f066f/01-LoUltimo-Pantalones-040324-dk-PS.jpg,2024-03-05 19:04:50.526096,pantalones sybilla a $12.990,,"['joven', 'moderno', 'urbano', 'femenino', 'casual']","['pantalones', 'moda', 'mujer']",['sybilla'],[],,,
20,desktop-category-image,lo_ultimo,2,https://images.falabella.com/v3/assets/blt7c5c2f2f888a7cc3/blt3782875f89d7e7b0/65e5373b4487d0a9a7400755/02-LoUltimo-DC-040324-dk-PS.jpg,2024-03-05 19:04:50.526096,zapatillas dc court graffik a precio rebajado,,"['joven', 'urbano', 'moderno', 'activo', 'deportivo']","['zapatillas', 'dc', 'skate']",['dc'],[],,,
21,desktop-category-image,lo_ultimo,3,https://images.falabella.com/v3/assets/blt7c5c2f2f888a7cc3/blt628440034a071ef1/65e5373b375999263e70cb41/03-LoUltimo-Adidas-040324-dk-PS.jpg,2024-03-05 19:04:50.526096,zapatillas adidas supernova con hasta 30% de descuento,,"['deportista', 'activo', 'saludable', 'moderno', 'urbano']","['zapatillas', 'deporte', 'running']",['adidas'],[],,,
